Date;Home Team;Away Team;FTHG;FTAG;
21/10/2025 23:30;Oklahoma City Thunder;Houston Rockets;125;124;H
22/10/2025 02:00;Los Angeles Lakers;Golden State Warriors;109;119;A
22/10/2025 23:00;New York Knicks;Cleveland Cavaliers;119;111;H
22/10/2025 23:00;Charlotte Hornets;Brooklyn Nets;136;117;H
22/10/2025 23:00;Orlando Magic;Miami Heat;125;121;H
22/10/2025 23:30;Atlanta Hawks;Toronto Raptors;118;138;A
22/10/2025 23:30;Boston Celtics;Philadelphia 76ers;116;117;A
23/10/2025 00:00;Chicago Bulls;Detroit Pistons;115;111;H
23/10/2025 00:00;Memphis Grizzlies;New Orleans Pelicans;128;122;H
23/10/2025 00:00;Milwaukee Bucks;Washington Wizards;133;120;H
23/10/2025 01:00;Utah Jazz;LA Clippers;129;108;H
23/10/2025 01:30;Dallas Mavericks;San Antonio Spurs;92;125;A
23/10/2025 02:00;Phoenix Suns;Sacramento Kings;120;116;H
23/10/2025 02:00;Portland Trail Blazers;Minnesota Timberwolves;114;118;A
23/10/2025 23:30;Indiana Pacers;Oklahoma City Thunder;135;141;A
24/10/2025 02:00;Golden State Warriors;Denver Nuggets;137;131;H
24/10/2025 22:30;Toronto Raptors;Milwaukee Bucks;116;122;A
24/10/2025 23:00;Orlando Magic;Atlanta Hawks;107;111;A
24/10/2025 23:30;New York Knicks;Boston Celtics;105;95;H
24/10/2025 23:30;Brooklyn Nets;Cleveland Cavaliers;124;131;A
25/10/2025 00:00;Houston Rockets;Detroit Pistons;111;115;A
25/10/2025 00:00;Memphis Grizzlies;Miami Heat;114;146;A
25/10/2025 00:00;New Orleans Pelicans;San Antonio Spurs;116;120;A
25/10/2025 00:30;Dallas Mavericks;Washington Wizards;107;117;A
25/10/2025 02:00;Los Angeles Lakers;Minnesota Timberwolves;128;110;H
25/10/2025 02:00;Portland Trail Blazers;Golden State Warriors;139;119;H
25/10/2025 02:00;Sacramento Kings;Utah Jazz;105;104;H
25/10/2025 02:30;LA Clippers;Phoenix Suns;129;102;H
25/10/2025 23:00;Orlando Magic;Chicago Bulls;98;110;A
25/10/2025 23:30;Atlanta Hawks;Oklahoma City Thunder;100;117;A
25/10/2025 23:30;Philadelphia 76ers;Charlotte Hornets;125;121;H
26/10/2025 00:00;Memphis Grizzlies;Indiana Pacers;128;103;H
26/10/2025 01:00;Denver Nuggets;Phoenix Suns;133;111;H
26/10/2025 18:00;San Antonio Spurs;Brooklyn Nets;118;107;H
26/10/2025 19:30;Detroit Pistons;Boston Celtics;119;113;H
26/10/2025 22:00;Cleveland Cavaliers;Milwaukee Bucks;118;113;H
26/10/2025 22:00;Miami Heat;New York Knicks;115;107;H
26/10/2025 22:00;Washington Wizards;Charlotte Hornets;113;139;A
26/10/2025 23:00;Minnesota Timberwolves;Indiana Pacers;114;110;H
26/10/2025 23:30;Dallas Mavericks;Toronto Raptors;139;129;H
27/10/2025 01:00;LA Clippers;Portland Trail Blazers;114;107;H
27/10/2025 01:00;Sacramento Kings;Los Angeles Lakers;120;127;A
27/10/2025 23:00;Detroit Pistons;Cleveland Cavaliers;95;116;A
27/10/2025 23:00;Philadelphia 76ers;Orlando Magic;136;124;H
28/10/2025 00:00;Chicago Bulls;Atlanta Hawks;128;123;H
28/10/2025 00:00;Houston Rockets;Brooklyn Nets;137;109;H
28/10/2025 00:00;New Orleans Pelicans;Boston Celtics;90;122;A
28/10/2025 00:00;San Antonio Spurs;Toronto Raptors;121;103;H
28/10/2025 00:30;Dallas Mavericks;Oklahoma City Thunder;94;101;A
28/10/2025 01:00;Utah Jazz;Phoenix Suns;138;134;H
28/10/2025 01:30;Minnesota Timberwolves;Denver Nuggets;114;127;A
28/10/2025 02:00;Golden State Warriors;Memphis Grizzlies;131;118;H
28/10/2025 02:30;Los Angeles Lakers;Portland Trail Blazers;108;122;A
28/10/2025 23:00;Washington Wizards;Philadelphia 76ers;134;139;A
28/10/2025 23:30;Miami Heat;Charlotte Hornets;144;117;H
29/10/2025 00:00;Milwaukee Bucks;New York Knicks;121;111;H
29/10/2025 00:00;Oklahoma City Thunder;Sacramento Kings;107;101;H
29/10/2025 03:00;Golden State Warriors;LA Clippers;98;79;H
29/10/2025 22:30;Toronto Raptors;Houston Rockets;121;139;A
29/10/2025 23:00;Boston Celtics;Cleveland Cavaliers;125;105;H
29/10/2025 23:00;Detroit Pistons;Orlando Magic;135;116;H
29/10/2025 23:30;Brooklyn Nets;Atlanta Hawks;112;117;A
30/10/2025 00:00;Chicago Bulls;Sacramento Kings;126;113;H
30/10/2025 00:30;Dallas Mavericks;Indiana Pacers;107;105;H
30/10/2025 01:00;Denver Nuggets;New Orleans Pelicans;122;88;H
30/10/2025 01:00;Utah Jazz;Portland Trail Blazers;134;136;A
30/10/2025 01:30;Minnesota Timberwolves;Los Angeles Lakers;115;116;A
30/10/2025 02:00;Phoenix Suns;Memphis Grizzlies;113;114;A
30/10/2025 23:00;Charlotte Hornets;Orlando Magic;107;123;A
31/10/2025 00:00;Milwaukee Bucks;Golden State Warriors;120;110;H
31/10/2025 00:00;Oklahoma City Thunder;Washington Wizards;127;108;H
31/10/2025 00:30;San Antonio Spurs;Miami Heat;107;101;H
31/10/2025 23:00;Indiana Pacers;Atlanta Hawks;108;128;A
31/10/2025 23:00;Philadelphia 76ers;Boston Celtics;108;109;A
31/10/2025 23:30;Cleveland Cavaliers;Toronto Raptors;101;112;A
01/11/2025 00:00;Chicago Bulls;New York Knicks;135;125;H
01/11/2025 01:30;Memphis Grizzlies;Los Angeles Lakers;112;117;A
01/11/2025 02:00;Phoenix Suns;Utah Jazz;118;96;H
01/11/2025 02:00;Portland Trail Blazers;Denver Nuggets;109;107;H
01/11/2025 02:30;LA Clippers;New Orleans Pelicans;126;124;H
01/11/2025 21:00;Milwaukee Bucks;Sacramento Kings;133;135;A
01/11/2025 22:00;Charlotte Hornets;Minnesota Timberwolves;105;122;A
01/11/2025 23:00;Indiana Pacers;Golden State Warriors;114;109;H
01/11/2025 23:00;Washington Wizards;Orlando Magic;94;125;A
02/11/2025 00:00;Boston Celtics;Houston Rockets;101;128;A
02/11/2025 02:00;Detroit Pistons;Dallas Mavericks;122;110;H
02/11/2025 20:30;Oklahoma City Thunder;New Orleans Pelicans;137;106;H
02/11/2025 23:00;Brooklyn Nets;Philadelphia 76ers;105;129;A
02/11/2025 23:00;Charlotte Hornets;Utah Jazz;126;103;H
02/11/2025 23:00;Cleveland Cavaliers;Atlanta Hawks;117;109;H
02/11/2025 23:00;Toronto Raptors;Memphis Grizzlies;117;104;H
03/11/2025 00:00;New York Knicks;Chicago Bulls;128;116;H
03/11/2025 01:00;Phoenix Suns;San Antonio Spurs;130;118;H
03/11/2025 02:30;Los Angeles Lakers;Miami Heat;130;120;H
04/11/2025 00:00;Brooklyn Nets;Minnesota Timberwolves;;;
04/11/2025 00:00;Indiana Pacers;Milwaukee Bucks;;;
04/11/2025 00:30;Boston Celtics;Utah Jazz;;;
04/11/2025 00:30;New York Knicks;Washington Wizards;;;
04/11/2025 01:00;Houston Rockets;Dallas Mavericks;;;
04/11/2025 01:00;Memphis Grizzlies;Detroit Pistons;;;
04/11/2025 02:00;Denver Nuggets;Sacramento Kings;;;
04/11/2025 03:00;Portland Trail Blazers;Los Angeles Lakers;;;
04/11/2025 03:30;LA Clippers;Miami Heat;;;
05/11/2025 00:30;Toronto Raptors;Milwaukee Bucks;;;
05/11/2025 01:00;Atlanta Hawks;Orlando Magic;;;
05/11/2025 01:00;Chicago Bulls;Philadelphia 76ers;;;
05/11/2025 01:00;New Orleans Pelicans;Charlotte Hornets;;;
05/11/2025 03:00;Golden State Warriors;Phoenix Suns;;;
05/11/2025 04:00;LA Clippers;Oklahoma City Thunder;;;
06/11/2025 00:00;Cleveland Cavaliers;Philadelphia 76ers;;;
06/11/2025 00:00;Detroit Pistons;Utah Jazz;;;
06/11/2025 00:00;Indiana Pacers;Brooklyn Nets;;;
06/11/2025 00:30;Boston Celtics;Washington Wizards;;;
06/11/2025 00:30;New York Knicks;Minnesota Timberwolves;;;
06/11/2025 01:00;Memphis Grizzlies;Houston Rockets;;;
06/11/2025 01:30;Dallas Mavericks;New Orleans Pelicans;;;
06/11/2025 02:00;Denver Nuggets;Miami Heat;;;
06/11/2025 03:00;Los Angeles Lakers;San Antonio Spurs;;;
06/11/2025 03:00;Portland Trail Blazers;Oklahoma City Thunder;;;
06/11/2025 03:00;Sacramento Kings;Golden State Warriors;;;
07/11/2025 02:00;Phoenix Suns;LA Clippers;;;
08/11/2025 00:00;Orlando Magic;Boston Celtics;;;
08/11/2025 00:00;Washington Wizards;Cleveland Cavaliers;;;
08/11/2025 00:30;Atlanta Hawks;Toronto Raptors;;;
08/11/2025 00:30;Brooklyn Nets;Detroit Pistons;;;
08/11/2025 00:30;San Antonio Spurs;Houston Rockets;;;
08/11/2025 01:00;Miami Heat;Charlotte Hornets;;;
08/11/2025 01:00;Memphis Grizzlies;Dallas Mavericks;;;
08/11/2025 01:00;Milwaukee Bucks;Chicago Bulls;;;
08/11/2025 01:00;Minnesota Timberwolves;Utah Jazz;;;
08/11/2025 03:00;Denver Nuggets;Golden State Warriors;;;
08/11/2025 03:00;Sacramento Kings;Oklahoma City Thunder;;;
09/11/2025 00:00;Washington Wizards;Dallas Mavericks;;;
09/11/2025 00:30;Philadelphia 76ers;Toronto Raptors;;;
09/11/2025 01:00;Atlanta Hawks;Los Angeles Lakers;;;
09/11/2025 01:00;Cleveland Cavaliers;Chicago Bulls;;;
09/11/2025 01:00;Miami Heat;Portland Trail Blazers;;;
09/11/2025 01:00;San Antonio Spurs;New Orleans Pelicans;;;
09/11/2025 02:00;Denver Nuggets;Indiana Pacers;;;
09/11/2025 03:30;LA Clippers;Phoenix Suns;;;
09/11/2025 20:30;Milwaukee Bucks;Houston Rockets;;;
09/11/2025 23:00;New York Knicks;Brooklyn Nets;;;
09/11/2025 23:00;Orlando Magic;Boston Celtics;;;
09/11/2025 23:00;Memphis Grizzlies;Oklahoma City Thunder;;;
10/11/2025 00:30;Philadelphia 76ers;Detroit Pistons;;;
10/11/2025 01:30;Golden State Warriors;Indiana Pacers;;;
10/11/2025 02:00;Sacramento Kings;Minnesota Timberwolves;;;
11/11/2025 00:00;Charlotte Hornets;Los Angeles Lakers;;;
11/11/2025 00:00;Detroit Pistons;Washington Wizards;;;
11/11/2025 00:00;Orlando Magic;Portland Trail Blazers;;;
11/11/2025 00:30;Miami Heat;Cleveland Cavaliers;;;
11/11/2025 01:00;Chicago Bulls;San Antonio Spurs;;;
11/11/2025 01:30;Dallas Mavericks;Milwaukee Bucks;;;
11/11/2025 02:00;Phoenix Suns;New Orleans Pelicans;;;
11/11/2025 02:00;Utah Jazz;Minnesota Timberwolves;;;
11/11/2025 03:30;LA Clippers;Atlanta Hawks;;;
12/11/2025 00:30;Brooklyn Nets;Toronto Raptors;;;
12/11/2025 00:30;New York Knicks;Memphis Grizzlies;;;
12/11/2025 01:00;Philadelphia 76ers;Boston Celtics;;;
12/11/2025 01:00;Oklahoma City Thunder;Golden State Warriors;;;
12/11/2025 02:00;Utah Jazz;Indiana Pacers;;;
12/11/2025 04:00;Sacramento Kings;Denver Nuggets;;;
13/11/2025 00:00;Charlotte Hornets;Milwaukee Bucks;;;
13/11/2025 00:00;Detroit Pistons;Chicago Bulls;;;
13/11/2025 00:00;New York Knicks;Orlando Magic;;;
13/11/2025 00:30;Boston Celtics;Memphis Grizzlies;;;
13/11/2025 00:30;Miami Heat;Cleveland Cavaliers;;;
13/11/2025 01:00;Houston Rockets;Washington Wizards;;;
13/11/2025 01:00;New Orleans Pelicans;Portland Trail Blazers;;;
13/11/2025 01:00;San Antonio Spurs;Golden State Warriors;;;
13/11/2025 01:30;Dallas Mavericks;Phoenix Suns;;;
13/11/2025 02:30;Oklahoma City Thunder;Los Angeles Lakers;;;
13/11/2025 03:00;Sacramento Kings;Atlanta Hawks;;;
13/11/2025 03:30;LA Clippers;Denver Nuggets;;;
14/11/2025 00:00;Cleveland Cavaliers;Toronto Raptors;;;
14/11/2025 02:00;Phoenix Suns;Indiana Pacers;;;
14/11/2025 02:00;Utah Jazz;Atlanta Hawks;;;
15/11/2025 00:00;New York Knicks;Miami Heat;;;
15/11/2025 00:00;Orlando Magic;Brooklyn Nets;;;
15/11/2025 00:30;Detroit Pistons;Philadelphia 76ers;;;
15/11/2025 01:00;Houston Rockets;Portland Trail Blazers;;;
15/11/2025 01:00;Milwaukee Bucks;Charlotte Hornets;;;
15/11/2025 01:00;Minnesota Timberwolves;Sacramento Kings;;;
15/11/2025 01:00;New Orleans Pelicans;Los Angeles Lakers;;;
15/11/2025 01:30;Dallas Mavericks;LA Clippers;;;
15/11/2025 02:30;San Antonio Spurs;Golden State Warriors;;;
15/11/2025 22:00;Cleveland Cavaliers;Memphis Grizzlies;;;
16/11/2025 00:00;Charlotte Hornets;Oklahoma City Thunder;;;
16/11/2025 00:00;Indiana Pacers;Toronto Raptors;;;
16/11/2025 01:00;Milwaukee Bucks;Los Angeles Lakers;;;
16/11/2025 01:00;Minnesota Timberwolves;Denver Nuggets;;;
16/11/2025 20:30;Boston Celtics;LA Clippers;;;
16/11/2025 21:00;San Antonio Spurs;Sacramento Kings;;;
16/11/2025 23:00;Washington Wizards;Brooklyn Nets;;;
17/11/2025 00:00;Houston Rockets;Orlando Magic;;;
17/11/2025 00:00;New Orleans Pelicans;Golden State Warriors;;;
17/11/2025 00:30;Dallas Mavericks;Portland Trail Blazers;;;
17/11/2025 01:00;Phoenix Suns;Atlanta Hawks;;;
17/11/2025 01:00;Utah Jazz;Chicago Bulls;;;
18/11/2025 00:00;Cleveland Cavaliers;Milwaukee Bucks;;;
18/11/2025 00:00;Detroit Pistons;Indiana Pacers;;;
18/11/2025 00:00;Philadelphia 76ers;LA Clippers;;;
18/11/2025 00:30;Miami Heat;New York Knicks;;;
18/11/2025 00:30;Toronto Raptors;Charlotte Hornets;;;
18/11/2025 01:00;Minnesota Timberwolves;Dallas Mavericks;;;
18/11/2025 01:00;New Orleans Pelicans;Oklahoma City Thunder;;;
18/11/2025 02:00;Denver Nuggets;Chicago Bulls;;;
19/11/2025 00:00;Orlando Magic;Golden State Warriors;;;
19/11/2025 00:30;Brooklyn Nets;Boston Celtics;;;
19/11/2025 01:00;Atlanta Hawks;Detroit Pistons;;;
19/11/2025 01:00;San Antonio Spurs;Memphis Grizzlies;;;
19/11/2025 03:30;Los Angeles Lakers;Utah Jazz;;;
19/11/2025 04:00;Portland Trail Blazers;Phoenix Suns;;;
20/11/2025 00:00;Cleveland Cavaliers;Houston Rockets;;;
20/11/2025 00:00;Indiana Pacers;Charlotte Hornets;;;
20/11/2025 00:00;Miami Heat;Golden State Warriors;;;
20/11/2025 00:00;Philadelphia 76ers;Toronto Raptors;;;
20/11/2025 01:00;Minnesota Timberwolves;Washington Wizards;;;
20/11/2025 01:00;New Orleans Pelicans;Denver Nuggets;;;
20/11/2025 01:00;Oklahoma City Thunder;Sacramento Kings;;;
20/11/2025 02:30;Dallas Mavericks;New York Knicks;;;
20/11/2025 03:00;Portland Trail Blazers;Chicago Bulls;;;
21/11/2025 00:00;Orlando Magic;LA Clippers;;;
21/11/2025 01:00;Memphis Grizzlies;Sacramento Kings;;;
21/11/2025 01:00;Milwaukee Bucks;Philadelphia 76ers;;;
21/11/2025 01:00;San Antonio Spurs;Atlanta Hawks;;;
22/11/2025 00:00;Cleveland Cavaliers;Indiana Pacers;;;
22/11/2025 00:30;Boston Celtics;Brooklyn Nets;;;
22/11/2025 00:30;Toronto Raptors;Washington Wizards;;;
22/11/2025 01:00;Chicago Bulls;Miami Heat;;;
22/11/2025 01:30;Dallas Mavericks;New Orleans Pelicans;;;
22/11/2025 02:00;Phoenix Suns;Minnesota Timberwolves;;;
22/11/2025 02:30;Houston Rockets;Denver Nuggets;;;
22/11/2025 03:00;Utah Jazz;Oklahoma City Thunder;;;
22/11/2025 03:00;Golden State Warriors;Portland Trail Blazers;;;
22/11/2025 18:00;Charlotte Hornets;LA Clippers;;;
22/11/2025 22:00;Orlando Magic;New York Knicks;;;
23/11/2025 00:00;New Orleans Pelicans;Atlanta Hawks;;;
23/11/2025 01:00;Chicago Bulls;Washington Wizards;;;
23/11/2025 01:00;Milwaukee Bucks;Detroit Pistons;;;
23/11/2025 01:30;Dallas Mavericks;Memphis Grizzlies;;;
23/11/2025 03:00;Denver Nuggets;Sacramento Kings;;;
23/11/2025 18:00;Philadelphia 76ers;Miami Heat;;;
23/11/2025 23:00;Atlanta Hawks;Charlotte Hornets;;;
23/11/2025 23:00;Boston Celtics;Orlando Magic;;;
23/11/2025 23:00;Cleveland Cavaliers;LA Clippers;;;
23/11/2025 23:00;Toronto Raptors;Brooklyn Nets;;;
24/11/2025 00:00;Oklahoma City Thunder;Portland Trail Blazers;;;
24/11/2025 01:00;Phoenix Suns;San Antonio Spurs;;;
24/11/2025 01:00;Utah Jazz;Los Angeles Lakers;;;
25/11/2025 00:00;Indiana Pacers;Detroit Pistons;;;
25/11/2025 00:00;Toronto Raptors;Cleveland Cavaliers;;;
25/11/2025 00:30;Brooklyn Nets;New York Knicks;;;
25/11/2025 00:30;Miami Heat;Dallas Mavericks;;;
25/11/2025 01:00;Memphis Grizzlies;Denver Nuggets;;;
25/11/2025 01:00;Milwaukee Bucks;Portland Trail Blazers;;;
25/11/2025 01:00;New Orleans Pelicans;Chicago Bulls;;;
25/11/2025 02:30;Phoenix Suns;Houston Rockets;;;
25/11/2025 03:00;Golden State Warriors;Utah Jazz;;;
25/11/2025 03:00;Sacramento Kings;Minnesota Timberwolves;;;
26/11/2025 00:00;Washington Wizards;Atlanta Hawks;;;
26/11/2025 01:00;Philadelphia 76ers;Orlando Magic;;;
26/11/2025 04:00;Los Angeles Lakers;LA Clippers;;;
26/11/2025 22:00;Boston Celtics;Detroit Pistons;;;
27/11/2025 00:00;Charlotte Hornets;New York Knicks;;;
27/11/2025 00:30;Miami Heat;Milwaukee Bucks;;;
27/11/2025 00:30;Toronto Raptors;Indiana Pacers;;;
27/11/2025 00:30;Oklahoma City Thunder;Minnesota Timberwolves;;;
27/11/2025 01:00;New Orleans Pelicans;Memphis Grizzlies;;;
27/11/2025 03:00;Golden State Warriors;Houston Rockets;;;
27/11/2025 03:00;Portland Trail Blazers;San Antonio Spurs;;;
27/11/2025 03:00;Sacramento Kings;Phoenix Suns;;;
29/11/2025 00:30;Atlanta Hawks;Cleveland Cavaliers;;;
29/11/2025 00:30;Brooklyn Nets;Philadelphia 76ers;;;
29/11/2025 00:30;Charlotte Hornets;Chicago Bulls;;;
29/11/2025 00:30;Detroit Pistons;Orlando Magic;;;
29/11/2025 00:30;Indiana Pacers;Washington Wizards;;;
29/11/2025 00:30;New York Knicks;Milwaukee Bucks;;;
29/11/2025 02:30;Oklahoma City Thunder;Phoenix Suns;;;
29/11/2025 02:30;Denver Nuggets;San Antonio Spurs;;;
29/11/2025 02:30;Utah Jazz;Sacramento Kings;;;
29/11/2025 03:00;Los Angeles Lakers;Dallas Mavericks;;;
29/11/2025 03:00;LA Clippers;Memphis Grizzlies;;;
29/11/2025 22:00;Minnesota Timberwolves;Boston Celtics;;;
29/11/2025 23:00;Charlotte Hornets;Toronto Raptors;;;
30/11/2025 00:30;Indiana Pacers;Chicago Bulls;;;
30/11/2025 01:00;Miami Heat;Detroit Pistons;;;
30/11/2025 01:00;Milwaukee Bucks;Brooklyn Nets;;;
30/11/2025 01:30;Golden State Warriors;New Orleans Pelicans;;;
30/11/2025 02:00;Phoenix Suns;Denver Nuggets;;;
30/11/2025 03:00;LA Clippers;Dallas Mavericks;;;
30/11/2025 20:00;Utah Jazz;Houston Rockets;;;
30/11/2025 23:00;Cleveland Cavaliers;Boston Celtics;;;
30/11/2025 23:00;New York Knicks;Toronto Raptors;;;
30/11/2025 23:00;Philadelphia 76ers;Atlanta Hawks;;;
30/11/2025 23:00;Portland Trail Blazers;Oklahoma City Thunder;;;
01/12/2025 00:00;Minnesota Timberwolves;San Antonio Spurs;;;
01/12/2025 02:00;Sacramento Kings;Memphis Grizzlies;;;
01/12/2025 02:30;Los Angeles Lakers;New Orleans Pelicans;;;
02/12/2025 00:00;Detroit Pistons;Atlanta Hawks;;;
02/12/2025 00:00;Indiana Pacers;Cleveland Cavaliers;;;
02/12/2025 00:00;Washington Wizards;Milwaukee Bucks;;;
02/12/2025 00:30;Brooklyn Nets;Charlotte Hornets;;;
02/12/2025 00:30;Miami Heat;LA Clippers;;;
02/12/2025 00:30;Orlando Magic;Chicago Bulls;;;
02/12/2025 02:00;Denver Nuggets;Dallas Mavericks;;;
02/12/2025 02:00;Utah Jazz;Houston Rockets;;;
02/12/2025 03:00;Los Angeles Lakers;Phoenix Suns;;;
03/12/2025 00:00;Philadelphia 76ers;Washington Wizards;;;
03/12/2025 00:30;Toronto Raptors;Portland Trail Blazers;;;
03/12/2025 01:00;Boston Celtics;New York Knicks;;;
03/12/2025 01:00;New Orleans Pelicans;Minnesota Timberwolves;;;
03/12/2025 01:00;San Antonio Spurs;Memphis Grizzlies;;;
03/12/2025 04:00;Golden State Warriors;Oklahoma City Thunder;;;
04/12/2025 00:00;Cleveland Cavaliers;Portland Trail Blazers;;;
04/12/2025 00:00;Indiana Pacers;Denver Nuggets;;;
04/12/2025 00:00;Orlando Magic;San Antonio Spurs;;;
04/12/2025 00:30;Atlanta Hawks;LA Clippers;;;
04/12/2025 00:30;New York Knicks;Charlotte Hornets;;;
04/12/2025 01:00;Chicago Bulls;Brooklyn Nets;;;
04/12/2025 01:00;Houston Rockets;Sacramento Kings;;;
04/12/2025 01:00;Milwaukee Bucks;Detroit Pistons;;;
04/12/2025 01:30;Dallas Mavericks;Miami Heat;;;
05/12/2025 00:00;Philadelphia 76ers;Golden State Warriors;;;
05/12/2025 00:00;Washington Wizards;Boston Celtics;;;
05/12/2025 00:30;Brooklyn Nets;Utah Jazz;;;
05/12/2025 00:30;Toronto Raptors;Los Angeles Lakers;;;
05/12/2025 01:00;New Orleans Pelicans;Minnesota Timberwolves;;;
06/12/2025 00:00;Boston Celtics;Los Angeles Lakers;;;
06/12/2025 00:00;Orlando Magic;Miami Heat;;;
06/12/2025 00:30;Atlanta Hawks;Denver Nuggets;;;
06/12/2025 00:30;Cleveland Cavaliers;San Antonio Spurs;;;
06/12/2025 00:30;Detroit Pistons;Portland Trail Blazers;;;
06/12/2025 00:30;New York Knicks;Utah Jazz;;;
06/12/2025 00:30;Toronto Raptors;Charlotte Hornets;;;
06/12/2025 01:00;Chicago Bulls;Indiana Pacers;;;
06/12/2025 01:00;Houston Rockets;Phoenix Suns;;;
06/12/2025 01:00;Memphis Grizzlies;LA Clippers;;;
06/12/2025 01:00;Milwaukee Bucks;Philadelphia 76ers;;;
06/12/2025 02:30;Oklahoma City Thunder;Dallas Mavericks;;;
06/12/2025 22:00;Brooklyn Nets;New Orleans Pelicans;;;
07/12/2025 00:00;Washington Wizards;Atlanta Hawks;;;
07/12/2025 00:30;Cleveland Cavaliers;Golden State Warriors;;;
07/12/2025 00:30;Detroit Pistons;Milwaukee Bucks;;;
07/12/2025 01:00;Miami Heat;Sacramento Kings;;;
07/12/2025 01:00;Minnesota Timberwolves;LA Clippers;;;
07/12/2025 01:30;Dallas Mavericks;Houston Rockets;;;
07/12/2025 17:00;New York Knicks;Orlando Magic;;;
07/12/2025 20:30;Toronto Raptors;Boston Celtics;;;
07/12/2025 23:00;Charlotte Hornets;Denver Nuggets;;;
07/12/2025 23:00;Memphis Grizzlies;Portland Trail Blazers;;;
08/12/2025 00:00;Chicago Bulls;Golden State Warriors;;;
08/12/2025 00:30;Philadelphia 76ers;Los Angeles Lakers;;;
08/12/2025 01:00;Utah Jazz;Oklahoma City Thunder;;;
09/12/2025 00:00;Indiana Pacers;Sacramento Kings;;;
09/12/2025 01:00;Minnesota Timberwolves;Phoenix Suns;;;
09/12/2025 02:30;New Orleans Pelicans;San Antonio Spurs;;;
18/12/2025 01:00;Chicago Bulls;Cleveland Cavaliers;;;
18/12/2025 01:00;Minnesota Timberwolves;Memphis Grizzlies;;;
18/12/2025 01:00;Oklahoma City Thunder;LA Clippers;;;
18/12/2025 01:00;San Antonio Spurs;Washington Wizards;;;
19/12/2025 00:00;Charlotte Hornets;Atlanta Hawks;;;
19/12/2025 00:00;Indiana Pacers;New York Knicks;;;
19/12/2025 00:30;Brooklyn Nets;Miami Heat;;;
19/12/2025 01:00;Milwaukee Bucks;Toronto Raptors;;;
19/12/2025 01:00;New Orleans Pelicans;Houston Rockets;;;
19/12/2025 01:30;Dallas Mavericks;Detroit Pistons;;;
19/12/2025 02:00;Denver Nuggets;Orlando Magic;;;
19/12/2025 02:00;Phoenix Suns;Golden State Warriors;;;
19/12/2025 02:00;Utah Jazz;Los Angeles Lakers;;;
19/12/2025 03:00;Portland Trail Blazers;Sacramento Kings;;;
20/12/2025 00:00;Boston Celtics;Miami Heat;;;
20/12/2025 00:00;New York Knicks;Philadelphia 76ers;;;
20/12/2025 00:30;Atlanta Hawks;San Antonio Spurs;;;
20/12/2025 00:30;Cleveland Cavaliers;Chicago Bulls;;;
20/12/2025 02:30;Minnesota Timberwolves;Oklahoma City Thunder;;;
20/12/2025 22:00;Denver Nuggets;Houston Rockets;;;
21/12/2025 00:00;Philadelphia 76ers;Dallas Mavericks;;;
21/12/2025 00:00;Toronto Raptors;Boston Celtics;;;
21/12/2025 00:00;New Orleans Pelicans;Indiana Pacers;;;
21/12/2025 00:30;Detroit Pistons;Charlotte Hornets;;;
21/12/2025 01:00;Memphis Grizzlies;Washington Wizards;;;
21/12/2025 01:30;Golden State Warriors;Phoenix Suns;;;
21/12/2025 02:30;Utah Jazz;Orlando Magic;;;
21/12/2025 03:00;Sacramento Kings;Portland Trail Blazers;;;
21/12/2025 03:30;LA Clippers;Los Angeles Lakers;;;
21/12/2025 20:30;Atlanta Hawks;Chicago Bulls;;;
21/12/2025 23:00;Brooklyn Nets;Toronto Raptors;;;
21/12/2025 23:00;New York Knicks;Miami Heat;;;
22/12/2025 00:00;Washington Wizards;San Antonio Spurs;;;
22/12/2025 00:00;Minnesota Timberwolves;Milwaukee Bucks;;;
22/12/2025 03:00;Sacramento Kings;Houston Rockets;;;
23/12/2025 00:00;Cleveland Cavaliers;Charlotte Hornets;;;
23/12/2025 00:30;Boston Celtics;Indiana Pacers;;;
23/12/2025 01:00;New Orleans Pelicans;Dallas Mavericks;;;
23/12/2025 02:00;Denver Nuggets;Utah Jazz;;;
23/12/2025 02:30;Oklahoma City Thunder;Memphis Grizzlies;;;
23/12/2025 03:00;Golden State Warriors;Orlando Magic;;;
23/12/2025 03:00;Portland Trail Blazers;Detroit Pistons;;;
24/12/2025 00:00;Charlotte Hornets;Washington Wizards;;;
24/12/2025 00:00;Philadelphia 76ers;Brooklyn Nets;;;
24/12/2025 00:30;Atlanta Hawks;Chicago Bulls;;;
24/12/2025 00:30;Cleveland Cavaliers;New Orleans Pelicans;;;
24/12/2025 00:30;Indiana Pacers;Milwaukee Bucks;;;
24/12/2025 00:30;Miami Heat;Toronto Raptors;;;
24/12/2025 01:00;Dallas Mavericks;Denver Nuggets;;;
24/12/2025 01:00;Minnesota Timberwolves;New York Knicks;;;
24/12/2025 01:30;San Antonio Spurs;Oklahoma City Thunder;;;
24/12/2025 02:00;Phoenix Suns;Los Angeles Lakers;;;
24/12/2025 02:00;Utah Jazz;Memphis Grizzlies;;;
24/12/2025 03:00;Portland Trail Blazers;Orlando Magic;;;
24/12/2025 03:00;Sacramento Kings;Detroit Pistons;;;
24/12/2025 04:00;LA Clippers;Houston Rockets;;;
25/12/2025 17:00;New York Knicks;Cleveland Cavaliers;;;
25/12/2025 19:30;Oklahoma City Thunder;San Antonio Spurs;;;
25/12/2025 22:00;Golden State Warriors;Dallas Mavericks;;;
26/12/2025 01:00;Los Angeles Lakers;Houston Rockets;;;
26/12/2025 03:30;Denver Nuggets;Minnesota Timberwolves;;;
27/12/2025 00:00;Atlanta Hawks;Miami Heat;;;
27/12/2025 00:00;Orlando Magic;Charlotte Hornets;;;
27/12/2025 00:00;Washington Wizards;Toronto Raptors;;;
27/12/2025 00:30;Indiana Pacers;Boston Celtics;;;
27/12/2025 01:00;Chicago Bulls;Philadelphia 76ers;;;
27/12/2025 01:00;Memphis Grizzlies;Milwaukee Bucks;;;
27/12/2025 01:00;New Orleans Pelicans;Phoenix Suns;;;
27/12/2025 02:30;Utah Jazz;Detroit Pistons;;;
27/12/2025 03:00;Portland Trail Blazers;LA Clippers;;;
27/12/2025 22:00;Sacramento Kings;Dallas Mavericks;;;
28/12/2025 00:00;Orlando Magic;Denver Nuggets;;;
28/12/2025 00:00;New Orleans Pelicans;Phoenix Suns;;;
28/12/2025 01:00;Atlanta Hawks;New York Knicks;;;
28/12/2025 01:00;Miami Heat;Indiana Pacers;;;
28/12/2025 01:00;Chicago Bulls;Milwaukee Bucks;;;
28/12/2025 01:00;Houston Rockets;Cleveland Cavaliers;;;
28/12/2025 01:00;Minnesota Timberwolves;Brooklyn Nets;;;
28/12/2025 01:00;San Antonio Spurs;Utah Jazz;;;
28/12/2025 20:30;Toronto Raptors;Golden State Warriors;;;
28/12/2025 20:30;Oklahoma City Thunder;Philadelphia 76ers;;;
28/12/2025 23:00;Washington Wizards;Memphis Grizzlies;;;
28/12/2025 23:00;Portland Trail Blazers;Boston Celtics;;;
29/12/2025 02:00;LA Clippers;Detroit Pistons;;;
29/12/2025 02:30;Los Angeles Lakers;Sacramento Kings;;;
30/12/2025 00:00;Charlotte Hornets;Milwaukee Bucks;;;
30/12/2025 00:00;Washington Wizards;Phoenix Suns;;;
30/12/2025 00:30;Brooklyn Nets;Golden State Warriors;;;
30/12/2025 00:30;Miami Heat;Denver Nuggets;;;
30/12/2025 00:30;Toronto Raptors;Orlando Magic;;;
30/12/2025 01:00;Chicago Bulls;Minnesota Timberwolves;;;
30/12/2025 01:00;Houston Rockets;Indiana Pacers;;;
30/12/2025 01:00;New Orleans Pelicans;New York Knicks;;;
30/12/2025 01:00;Oklahoma City Thunder;Atlanta Hawks;;;
30/12/2025 01:00;San Antonio Spurs;Cleveland Cavaliers;;;
30/12/2025 04:00;Portland Trail Blazers;Dallas Mavericks;;;
31/12/2025 01:00;Memphis Grizzlies;Philadelphia 76ers;;;
31/12/2025 02:00;Utah Jazz;Boston Celtics;;;
31/12/2025 03:30;Los Angeles Lakers;Detroit Pistons;;;
31/12/2025 04:00;LA Clippers;Sacramento Kings;;;
31/12/2025 18:00;Charlotte Hornets;Golden State Warriors;;;
31/12/2025 20:00;Atlanta Hawks;Minnesota Timberwolves;;;
31/12/2025 20:00;Indiana Pacers;Orlando Magic;;;
31/12/2025 20:30;Cleveland Cavaliers;Phoenix Suns;;;
01/01/2026 00:00;Chicago Bulls;New Orleans Pelicans;;;
01/01/2026 00:00;San Antonio Spurs;New York Knicks;;;
01/01/2026 00:30;Toronto Raptors;Denver Nuggets;;;
01/01/2026 01:00;Milwaukee Bucks;Washington Wizards;;;
01/01/2026 01:00;Oklahoma City Thunder;Portland Trail Blazers;;;
01/01/2026 23:00;Brooklyn Nets;Houston Rockets;;;
02/01/2026 00:00;Detroit Pistons;Miami Heat;;;
02/01/2026 01:30;Dallas Mavericks;Philadelphia 76ers;;;
02/01/2026 03:00;Sacramento Kings;Boston Celtics;;;
02/01/2026 03:30;LA Clippers;Utah Jazz;;;
03/01/2026 00:00;Indiana Pacers;San Antonio Spurs;;;
03/01/2026 00:00;Washington Wizards;Brooklyn Nets;;;
03/01/2026 00:30;Cleveland Cavaliers;Denver Nuggets;;;
03/01/2026 00:30;New York Knicks;Atlanta Hawks;;;
03/01/2026 01:00;Chicago Bulls;Orlando Magic;;;
03/01/2026 01:00;Milwaukee Bucks;Charlotte Hornets;;;
03/01/2026 01:00;New Orleans Pelicans;Portland Trail Blazers;;;
03/01/2026 02:00;Phoenix Suns;Sacramento Kings;;;
03/01/2026 03:00;Golden State Warriors;Oklahoma City Thunder;;;
03/01/2026 03:30;Los Angeles Lakers;Memphis Grizzlies;;;
03/01/2026 22:00;Miami Heat;Minnesota Timberwolves;;;
04/01/2026 00:30;New York Knicks;Philadelphia 76ers;;;
04/01/2026 00:30;Toronto Raptors;Atlanta Hawks;;;
04/01/2026 01:00;Chicago Bulls;Charlotte Hornets;;;
04/01/2026 01:00;San Antonio Spurs;Portland Trail Blazers;;;
04/01/2026 01:30;Dallas Mavericks;Houston Rockets;;;
04/01/2026 03:00;Golden State Warriors;Utah Jazz;;;
04/01/2026 03:30;LA Clippers;Boston Celtics;;;
04/01/2026 19:00;Cleveland Cavaliers;Detroit Pistons;;;
04/01/2026 20:00;Orlando Magic;Indiana Pacers;;;
04/01/2026 20:30;Brooklyn Nets;Denver Nuggets;;;
04/01/2026 23:00;Miami Heat;New Orleans Pelicans;;;
04/01/2026 23:00;Washington Wizards;Minnesota Timberwolves;;;
05/01/2026 01:00;Phoenix Suns;Oklahoma City Thunder;;;
05/01/2026 02:00;Sacramento Kings;Milwaukee Bucks;;;
05/01/2026 02:30;Los Angeles Lakers;Memphis Grizzlies;;;
06/01/2026 00:00;Detroit Pistons;New York Knicks;;;
06/01/2026 00:30;Boston Celtics;Chicago Bulls;;;
06/01/2026 00:30;Toronto Raptors;Atlanta Hawks;;;
06/01/2026 01:00;Houston Rockets;Phoenix Suns;;;
06/01/2026 01:00;Oklahoma City Thunder;Charlotte Hornets;;;
06/01/2026 01:30;Philadelphia 76ers;Denver Nuggets;;;
06/01/2026 03:00;LA Clippers;Golden State Warriors;;;
06/01/2026 03:00;Portland Trail Blazers;Utah Jazz;;;
07/01/2026 00:00;Indiana Pacers;Cleveland Cavaliers;;;
07/01/2026 00:00;Washington Wizards;Orlando Magic;;;
07/01/2026 01:00;Memphis Grizzlies;San Antonio Spurs;;;
07/01/2026 01:00;Minnesota Timberwolves;Miami Heat;;;
07/01/2026 01:00;New Orleans Pelicans;Los Angeles Lakers;;;
07/01/2026 04:00;Sacramento Kings;Dallas Mavericks;;;
08/01/2026 00:00;Charlotte Hornets;Toronto Raptors;;;
08/01/2026 00:00;Detroit Pistons;Chicago Bulls;;;
08/01/2026 00:00;Philadelphia 76ers;Washington Wizards;;;
08/01/2026 00:30;Atlanta Hawks;New Orleans Pelicans;;;
08/01/2026 00:30;Boston Celtics;Denver Nuggets;;;
08/01/2026 00:30;Brooklyn Nets;Orlando Magic;;;
08/01/2026 00:30;New York Knicks;LA Clippers;;;
08/01/2026 00:30;San Antonio Spurs;Los Angeles Lakers;;;
08/01/2026 01:00;Memphis Grizzlies;Phoenix Suns;;;
08/01/2026 01:00;Oklahoma City Thunder;Utah Jazz;;;
08/01/2026 03:00;Golden State Warriors;Milwaukee Bucks;;;
08/01/2026 03:00;Portland Trail Blazers;Houston Rockets;;;
09/01/2026 00:00;Charlotte Hornets;Indiana Pacers;;;
09/01/2026 01:00;Chicago Bulls;Miami Heat;;;
09/01/2026 01:00;Minnesota Timberwolves;Cleveland Cavaliers;;;
09/01/2026 02:00;Utah Jazz;Dallas Mavericks;;;
10/01/2026 00:00;Boston Celtics;Toronto Raptors;;;
10/01/2026 00:00;Orlando Magic;Philadelphia 76ers;;;
10/01/2026 00:00;Washington Wizards;New Orleans Pelicans;;;
10/01/2026 00:30;Brooklyn Nets;LA Clippers;;;
10/01/2026 01:00;Memphis Grizzlies;Oklahoma City Thunder;;;
10/01/2026 02:00;Denver Nuggets;Atlanta Hawks;;;
10/01/2026 02:00;Phoenix Suns;New York Knicks;;;
10/01/2026 03:00;Golden State Warriors;Sacramento Kings;;;
10/01/2026 03:00;Portland Trail Blazers;Houston Rockets;;;
10/01/2026 03:30;Los Angeles Lakers;Milwaukee Bucks;;;
10/01/2026 18:00;Cleveland Cavaliers;Minnesota Timberwolves;;;
11/01/2026 00:00;Indiana Pacers;Miami Heat;;;
11/01/2026 00:30;Detroit Pistons;LA Clippers;;;
11/01/2026 01:00;Boston Celtics;San Antonio Spurs;;;
11/01/2026 01:00;Chicago Bulls;Dallas Mavericks;;;
11/01/2026 02:30;Utah Jazz;Charlotte Hornets;;;
11/01/2026 20:00;Orlando Magic;New Orleans Pelicans;;;
11/01/2026 20:30;Memphis Grizzlies;Brooklyn Nets;;;
11/01/2026 23:00;Toronto Raptors;Philadelphia 76ers;;;
11/01/2026 23:00;Portland Trail Blazers;New York Knicks;;;
12/01/2026 00:00;Minnesota Timberwolves;San Antonio Spurs;;;
12/01/2026 00:00;Oklahoma City Thunder;Miami Heat;;;
12/01/2026 01:00;Denver Nuggets;Milwaukee Bucks;;;
12/01/2026 01:00;Phoenix Suns;Washington Wizards;;;
12/01/2026 01:30;Golden State Warriors;Atlanta Hawks;;;
12/01/2026 02:00;Sacramento Kings;Houston Rockets;;;
13/01/2026 00:00;Cleveland Cavaliers;Utah Jazz;;;
13/01/2026 00:30;Indiana Pacers;Boston Celtics;;;
13/01/2026 00:30;Toronto Raptors;Philadelphia 76ers;;;
13/01/2026 01:30;Dallas Mavericks;Brooklyn Nets;;;
13/01/2026 03:00;Sacramento Kings;Los Angeles Lakers;;;
13/01/2026 03:30;LA Clippers;Charlotte Hornets;;;
14/01/2026 00:30;Miami Heat;Phoenix Suns;;;
14/01/2026 01:00;Houston Rockets;Chicago Bulls;;;
14/01/2026 01:00;Milwaukee Bucks;Minnesota Timberwolves;;;
14/01/2026 01:00;New Orleans Pelicans;Denver Nuggets;;;
14/01/2026 01:00;Oklahoma City Thunder;San Antonio Spurs;;;
14/01/2026 03:30;Los Angeles Lakers;Atlanta Hawks;;;
14/01/2026 04:00;Golden State Warriors;Portland Trail Blazers;;;
15/01/2026 00:00;Indiana Pacers;Toronto Raptors;;;
15/01/2026 00:00;Philadelphia 76ers;Cleveland Cavaliers;;;
15/01/2026 01:00;Chicago Bulls;Utah Jazz;;;
15/01/2026 01:00;New Orleans Pelicans;Brooklyn Nets;;;
15/01/2026 02:30;Dallas Mavericks;Denver Nuggets;;;
15/01/2026 03:00;Sacramento Kings;New York Knicks;;;
15/01/2026 03:30;LA Clippers;Washington Wizards;;;
15/01/2026 19:00;Orlando Magic;Memphis Grizzlies;;;
16/01/2026 00:00;Detroit Pistons;Phoenix Suns;;;
16/01/2026 00:30;Miami Heat;Boston Celtics;;;
16/01/2026 00:30;Houston Rockets;Oklahoma City Thunder;;;
16/01/2026 01:00;San Antonio Spurs;Milwaukee Bucks;;;
16/01/2026 01:30;Dallas Mavericks;Utah Jazz;;;
16/01/2026 03:00;Golden State Warriors;New York Knicks;;;
16/01/2026 03:00;Portland Trail Blazers;Atlanta Hawks;;;
16/01/2026 03:30;Los Angeles Lakers;Charlotte Hornets;;;
17/01/2026 00:00;Brooklyn Nets;Chicago Bulls;;;
17/01/2026 00:00;Indiana Pacers;New Orleans Pelicans;;;
17/01/2026 00:00;Philadelphia 76ers;Cleveland Cavaliers;;;
17/01/2026 00:30;Toronto Raptors;LA Clippers;;;
17/01/2026 02:30;Houston Rockets;Minnesota Timberwolves;;;
17/01/2026 03:00;Sacramento Kings;Washington Wizards;;;
17/01/2026 22:00;Dallas Mavericks;Utah Jazz;;;
18/01/2026 00:30;Atlanta Hawks;Boston Celtics;;;
18/01/2026 00:30;Detroit Pistons;Indiana Pacers;;;
18/01/2026 00:30;New York Knicks;Phoenix Suns;;;
18/01/2026 01:00;Miami Heat;Oklahoma City Thunder;;;
18/01/2026 01:00;San Antonio Spurs;Minnesota Timberwolves;;;
18/01/2026 01:30;Golden State Warriors;Charlotte Hornets;;;
18/01/2026 02:00;Denver Nuggets;Washington Wizards;;;
18/01/2026 03:00;Portland Trail Blazers;Los Angeles Lakers;;;
18/01/2026 17:00;Memphis Grizzlies;Orlando Magic;;;
19/01/2026 00:00;Chicago Bulls;Brooklyn Nets;;;
19/01/2026 00:00;Houston Rockets;New Orleans Pelicans;;;
19/01/2026 01:00;Denver Nuggets;Charlotte Hornets;;;
19/01/2026 02:00;Sacramento Kings;Portland Trail Blazers;;;
19/01/2026 02:30;Los Angeles Lakers;Toronto Raptors;;;
19/01/2026 18:00;Atlanta Hawks;Milwaukee Bucks;;;
19/01/2026 19:30;Cleveland Cavaliers;Oklahoma City Thunder;;;
19/01/2026 20:00;Washington Wizards;LA Clippers;;;
19/01/2026 22:00;New York Knicks;Dallas Mavericks;;;
20/01/2026 00:00;Philadelphia 76ers;Indiana Pacers;;;
20/01/2026 00:30;Brooklyn Nets;Phoenix Suns;;;
20/01/2026 01:00;Detroit Pistons;Boston Celtics;;;
20/01/2026 01:00;San Antonio Spurs;Utah Jazz;;;
20/01/2026 03:00;Golden State Warriors;Miami Heat;;;
21/01/2026 00:00;Philadelphia 76ers;Phoenix Suns;;;
21/01/2026 01:00;Chicago Bulls;LA Clippers;;;
21/01/2026 01:00;Houston Rockets;San Antonio Spurs;;;
21/01/2026 02:00;Utah Jazz;Minnesota Timberwolves;;;
21/01/2026 03:00;Denver Nuggets;Los Angeles Lakers;;;
21/01/2026 03:00;Golden State Warriors;Toronto Raptors;;;
21/01/2026 03:00;Sacramento Kings;Miami Heat;;;
22/01/2026 00:00;Charlotte Hornets;Cleveland Cavaliers;;;
22/01/2026 00:30;Boston Celtics;Indiana Pacers;;;
22/01/2026 00:30;New York Knicks;Brooklyn Nets;;;
22/01/2026 01:00;Memphis Grizzlies;Atlanta Hawks;;;
22/01/2026 01:00;New Orleans Pelicans;Detroit Pistons;;;
22/01/2026 02:30;Milwaukee Bucks;Oklahoma City Thunder;;;
22/01/2026 03:00;Sacramento Kings;Toronto Raptors;;;
23/01/2026 00:00;Orlando Magic;Charlotte Hornets;;;
23/01/2026 00:00;Philadelphia 76ers;Houston Rockets;;;
23/01/2026 00:00;Washington Wizards;Denver Nuggets;;;
23/01/2026 00:30;Dallas Mavericks;Golden State Warriors;;;
23/01/2026 01:00;Minnesota Timberwolves;Chicago Bulls;;;
23/01/2026 02:00;Utah Jazz;San Antonio Spurs;;;
23/01/2026 03:00;LA Clippers;Los Angeles Lakers;;;
23/01/2026 03:00;Portland Trail Blazers;Miami Heat;;;
24/01/2026 00:00;Detroit Pistons;Houston Rockets;;;
24/01/2026 00:30;Atlanta Hawks;Phoenix Suns;;;
24/01/2026 00:30;Brooklyn Nets;Boston Celtics;;;
24/01/2026 00:30;Cleveland Cavaliers;Sacramento Kings;;;
24/01/2026 01:00;Memphis Grizzlies;New Orleans Pelicans;;;
24/01/2026 01:00;Milwaukee Bucks;Denver Nuggets;;;
24/01/2026 02:30;Oklahoma City Thunder;Indiana Pacers;;;
24/01/2026 03:00;Portland Trail Blazers;Toronto Raptors;;;
24/01/2026 20:00;Philadelphia 76ers;New York Knicks;;;
24/01/2026 22:30;Minnesota Timberwolves;Golden State Warriors;;;
24/01/2026 23:00;Charlotte Hornets;Washington Wizards;;;
25/01/2026 00:00;Orlando Magic;Cleveland Cavaliers;;;
25/01/2026 01:00;Chicago Bulls;Boston Celtics;;;
25/01/2026 01:30;Dallas Mavericks;Los Angeles Lakers;;;
25/01/2026 02:30;Utah Jazz;Miami Heat;;;
25/01/2026 20:00;Detroit Pistons;Sacramento Kings;;;
25/01/2026 20:30;Memphis Grizzlies;Denver Nuggets;;;
26/01/2026 00:00;Milwaukee Bucks;Dallas Mavericks;;;
26/01/2026 00:00;Oklahoma City Thunder;Toronto Raptors;;;
26/01/2026 00:00;San Antonio Spurs;New Orleans Pelicans;;;
26/01/2026 01:00;Phoenix Suns;Miami Heat;;;
26/01/2026 02:00;LA Clippers;Brooklyn Nets;;;
27/01/2026 00:00;Charlotte Hornets;Philadelphia 76ers;;;
27/01/2026 00:00;Cleveland Cavaliers;Orlando Magic;;;
27/01/2026 00:30;Atlanta Hawks;Indiana Pacers;;;
27/01/2026 01:00;Boston Celtics;Portland Trail Blazers;;;
27/01/2026 01:00;Chicago Bulls;Los Angeles Lakers;;;
27/01/2026 01:00;Houston Rockets;Memphis Grizzlies;;;
27/01/2026 02:30;Minnesota Timberwolves;Golden State Warriors;;;
28/01/2026 00:00;Washington Wizards;Portland Trail Blazers;;;
28/01/2026 00:30;New York Knicks;Sacramento Kings;;;
28/01/2026 01:00;Philadelphia 76ers;Milwaukee Bucks;;;
28/01/2026 01:00;Oklahoma City Thunder;New Orleans Pelicans;;;
28/01/2026 02:00;Denver Nuggets;Detroit Pistons;;;
28/01/2026 02:00;Phoenix Suns;Brooklyn Nets;;;
28/01/2026 03:00;Utah Jazz;LA Clippers;;;
29/01/2026 00:00;Cleveland Cavaliers;Los Angeles Lakers;;;
29/01/2026 00:00;Indiana Pacers;Chicago Bulls;;;
29/01/2026 00:30;Boston Celtics;Atlanta Hawks;;;
29/01/2026 00:30;Miami Heat;Orlando Magic;;;
29/01/2026 00:30;Toronto Raptors;New York Knicks;;;
29/01/2026 01:00;Memphis Grizzlies;Charlotte Hornets;;;
29/01/2026 01:30;Dallas Mavericks;Minnesota Timberwolves;;;
29/01/2026 02:00;Utah Jazz;Golden State Warriors;;;
29/01/2026 02:30;Houston Rockets;San Antonio Spurs;;;
30/01/2026 00:00;Philadelphia 76ers;Sacramento Kings;;;
30/01/2026 00:00;Washington Wizards;Milwaukee Bucks;;;
30/01/2026 01:00;Atlanta Hawks;Houston Rockets;;;
30/01/2026 01:30;Dallas Mavericks;Charlotte Hornets;;;
30/01/2026 02:00;Denver Nuggets;Brooklyn Nets;;;
30/01/2026 02:00;Phoenix Suns;Detroit Pistons;;;
30/01/2026 02:30;Minnesota Timberwolves;Oklahoma City Thunder;;;
31/01/2026 00:00;Orlando Magic;Toronto Raptors;;;
31/01/2026 00:00;Washington Wizards;Los Angeles Lakers;;;
31/01/2026 00:30;Boston Celtics;Sacramento Kings;;;
31/01/2026 00:30;New York Knicks;Portland Trail Blazers;;;
31/01/2026 00:30;New Orleans Pelicans;Memphis Grizzlies;;;
31/01/2026 01:00;Miami Heat;Chicago Bulls;;;
31/01/2026 02:00;Phoenix Suns;Cleveland Cavaliers;;;
31/01/2026 02:30;Utah Jazz;Brooklyn Nets;;;
31/01/2026 03:00;Denver Nuggets;LA Clippers;;;
31/01/2026 03:00;Golden State Warriors;Detroit Pistons;;;
31/01/2026 20:00;Charlotte Hornets;San Antonio Spurs;;;
01/02/2026 00:00;Indiana Pacers;Atlanta Hawks;;;
01/02/2026 00:30;Philadelphia 76ers;New Orleans Pelicans;;;
01/02/2026 01:00;Memphis Grizzlies;Minnesota Timberwolves;;;
01/02/2026 01:30;Houston Rockets;Dallas Mavericks;;;
01/02/2026 20:30;Boston Celtics;Milwaukee Bucks;;;
01/02/2026 21:00;San Antonio Spurs;Orlando Magic;;;
01/02/2026 23:00;Detroit Pistons;Brooklyn Nets;;;
01/02/2026 23:00;Miami Heat;Chicago Bulls;;;
01/02/2026 23:00;Toronto Raptors;Utah Jazz;;;
01/02/2026 23:00;Washington Wizards;Sacramento Kings;;;
02/02/2026 00:00;New York Knicks;Los Angeles Lakers;;;
02/02/2026 01:00;Phoenix Suns;LA Clippers;;;
02/02/2026 02:00;Portland Trail Blazers;Cleveland Cavaliers;;;
02/02/2026 02:30;Denver Nuggets;Oklahoma City Thunder;;;
03/02/2026 00:00;Charlotte Hornets;New Orleans Pelicans;;;
03/02/2026 00:00;Indiana Pacers;Houston Rockets;;;
03/02/2026 02:30;Memphis Grizzlies;Minnesota Timberwolves;;;
03/02/2026 03:30;LA Clippers;Philadelphia 76ers;;;
04/02/2026 00:00;Detroit Pistons;Denver Nuggets;;;
04/02/2026 00:00;Indiana Pacers;Utah Jazz;;;
04/02/2026 00:00;Washington Wizards;New York Knicks;;;
04/02/2026 00:30;Brooklyn Nets;Los Angeles Lakers;;;
04/02/2026 00:30;Miami Heat;Atlanta Hawks;;;
04/02/2026 01:00;Dallas Mavericks;Boston Celtics;;;
04/02/2026 01:00;Milwaukee Bucks;Chicago Bulls;;;
04/02/2026 01:00;Oklahoma City Thunder;Orlando Magic;;;
04/02/2026 03:00;Golden State Warriors;Philadelphia 76ers;;;
04/02/2026 04:00;Portland Trail Blazers;Phoenix Suns;;;
05/02/2026 00:00;New York Knicks;Denver Nuggets;;;
05/02/2026 00:30;Toronto Raptors;Minnesota Timberwolves;;;
05/02/2026 01:00;Houston Rockets;Boston Celtics;;;
05/02/2026 01:00;Milwaukee Bucks;New Orleans Pelicans;;;
05/02/2026 02:30;San Antonio Spurs;Oklahoma City Thunder;;;
05/02/2026 03:00;Sacramento Kings;Memphis Grizzlies;;;
05/02/2026 03:30;LA Clippers;Cleveland Cavaliers;;;
06/02/2026 00:00;Detroit Pistons;Washington Wizards;;;
06/02/2026 00:00;Orlando Magic;Brooklyn Nets;;;
06/02/2026 00:30;Atlanta Hawks;Utah Jazz;;;
06/02/2026 00:30;Toronto Raptors;Chicago Bulls;;;
06/02/2026 01:00;Houston Rockets;Charlotte Hornets;;;
06/02/2026 01:30;Dallas Mavericks;San Antonio Spurs;;;
06/02/2026 02:00;Phoenix Suns;Golden State Warriors;;;
06/02/2026 03:00;Los Angeles Lakers;Philadelphia 76ers;;;
07/02/2026 00:30;Boston Celtics;Miami Heat;;;
07/02/2026 00:30;Detroit Pistons;New York Knicks;;;
07/02/2026 01:00;Milwaukee Bucks;Indiana Pacers;;;
07/02/2026 01:00;Minnesota Timberwolves;New Orleans Pelicans;;;
07/02/2026 03:00;Portland Trail Blazers;Memphis Grizzlies;;;
07/02/2026 03:00;Sacramento Kings;LA Clippers;;;
07/02/2026 20:00;Brooklyn Nets;Washington Wizards;;;
07/02/2026 20:30;Oklahoma City Thunder;Houston Rockets;;;
07/02/2026 23:00;San Antonio Spurs;Dallas Mavericks;;;
08/02/2026 00:00;Orlando Magic;Utah Jazz;;;
08/02/2026 00:30;Atlanta Hawks;Charlotte Hornets;;;
08/02/2026 01:00;Chicago Bulls;Denver Nuggets;;;
08/02/2026 01:30;Los Angeles Lakers;Golden State Warriors;;;
08/02/2026 02:00;Phoenix Suns;Philadelphia 76ers;;;
08/02/2026 03:00;Portland Trail Blazers;Memphis Grizzlies;;;
08/02/2026 03:00;Sacramento Kings;Cleveland Cavaliers;;;
08/02/2026 17:30;Boston Celtics;New York Knicks;;;
08/02/2026 19:00;Washington Wizards;Miami Heat;;;
08/02/2026 20:00;Toronto Raptors;Indiana Pacers;;;
08/02/2026 20:00;Minnesota Timberwolves;LA Clippers;;;
10/02/2026 00:00;Charlotte Hornets;Detroit Pistons;;;
10/02/2026 00:30;Brooklyn Nets;Chicago Bulls;;;
10/02/2026 00:30;Miami Heat;Utah Jazz;;;
10/02/2026 00:30;Orlando Magic;Milwaukee Bucks;;;
10/02/2026 01:00;Minnesota Timberwolves;Atlanta Hawks;;;
10/02/2026 01:00;New Orleans Pelicans;Sacramento Kings;;;
10/02/2026 02:00;Denver Nuggets;Cleveland Cavaliers;;;
10/02/2026 03:00;Golden State Warriors;Memphis Grizzlies;;;
10/02/2026 03:00;Los Angeles Lakers;Oklahoma City Thunder;;;
10/02/2026 03:00;Portland Trail Blazers;Philadelphia 76ers;;;
11/02/2026 00:30;New York Knicks;Indiana Pacers;;;
11/02/2026 01:00;Houston Rockets;LA Clippers;;;
11/02/2026 02:00;Phoenix Suns;Dallas Mavericks;;;
11/02/2026 03:30;Los Angeles Lakers;San Antonio Spurs;;;
12/02/2026 00:00;Charlotte Hornets;Atlanta Hawks;;;
12/02/2026 00:00;Cleveland Cavaliers;Washington Wizards;;;
12/02/2026 00:00;Orlando Magic;Milwaukee Bucks;;;
12/02/2026 00:30;Boston Celtics;Chicago Bulls;;;
12/02/2026 00:30;Brooklyn Nets;Indiana Pacers;;;
12/02/2026 00:30;Philadelphia 76ers;New York Knicks;;;
12/02/2026 00:30;Toronto Raptors;Detroit Pistons;;;
12/02/2026 01:00;Houston Rockets;LA Clippers;;;
12/02/2026 01:00;Minnesota Timberwolves;Portland Trail Blazers;;;
12/02/2026 01:00;New Orleans Pelicans;Miami Heat;;;
12/02/2026 02:00;Phoenix Suns;Oklahoma City Thunder;;;
12/02/2026 02:00;Utah Jazz;Sacramento Kings;;;
12/02/2026 03:00;Denver Nuggets;Memphis Grizzlies;;;
12/02/2026 03:00;Golden State Warriors;San Antonio Spurs;;;
13/02/2026 00:30;Oklahoma City Thunder;Milwaukee Bucks;;;
13/02/2026 02:00;Utah Jazz;Portland Trail Blazers;;;
13/02/2026 03:00;Los Angeles Lakers;Dallas Mavericks;;;
20/02/2026 00:00;Charlotte Hornets;Houston Rockets;;;
20/02/2026 00:00;Cleveland Cavaliers;Brooklyn Nets;;;
20/02/2026 00:00;Philadelphia 76ers;Atlanta Hawks;;;
20/02/2026 00:00;Washington Wizards;Indiana Pacers;;;
20/02/2026 00:30;New York Knicks;Detroit Pistons;;;
20/02/2026 01:00;Chicago Bulls;Toronto Raptors;;;
20/02/2026 01:30;San Antonio Spurs;Phoenix Suns;;;
20/02/2026 03:00;Golden State Warriors;Boston Celtics;;;
20/02/2026 03:00;Sacramento Kings;Orlando Magic;;;
20/02/2026 03:30;LA Clippers;Denver Nuggets;;;
21/02/2026 00:00;Charlotte Hornets;Cleveland Cavaliers;;;
21/02/2026 00:00;Washington Wizards;Indiana Pacers;;;
21/02/2026 00:00;Memphis Grizzlies;Utah Jazz;;;
21/02/2026 00:30;Atlanta Hawks;Miami Heat;;;
21/02/2026 00:30;Minnesota Timberwolves;Dallas Mavericks;;;
21/02/2026 01:00;New Orleans Pelicans;Milwaukee Bucks;;;
21/02/2026 01:00;Oklahoma City Thunder;Brooklyn Nets;;;
21/02/2026 03:00;Los Angeles Lakers;LA Clippers;;;
21/02/2026 03:00;Portland Trail Blazers;Denver Nuggets;;;
21/02/2026 22:00;Phoenix Suns;Orlando Magic;;;
22/02/2026 00:00;New Orleans Pelicans;Philadelphia 76ers;;;
22/02/2026 01:00;Miami Heat;Memphis Grizzlies;;;
22/02/2026 01:00;Chicago Bulls;Detroit Pistons;;;
22/02/2026 01:00;San Antonio Spurs;Sacramento Kings;;;
22/02/2026 01:30;New York Knicks;Houston Rockets;;;
22/02/2026 18:00;Oklahoma City Thunder;Cleveland Cavaliers;;;
22/02/2026 20:30;Atlanta Hawks;Brooklyn Nets;;;
22/02/2026 20:30;Milwaukee Bucks;Toronto Raptors;;;
22/02/2026 20:30;Golden State Warriors;Denver Nuggets;;;
22/02/2026 22:00;Indiana Pacers;Dallas Mavericks;;;
22/02/2026 23:00;Washington Wizards;Charlotte Hornets;;;
22/02/2026 23:30;Los Angeles Lakers;Boston Celtics;;;
23/02/2026 00:00;Minnesota Timberwolves;Philadelphia 76ers;;;
23/02/2026 01:00;Chicago Bulls;New York Knicks;;;
23/02/2026 01:00;Phoenix Suns;Portland Trail Blazers;;;
23/02/2026 02:00;LA Clippers;Orlando Magic;;;
24/02/2026 00:00;Detroit Pistons;San Antonio Spurs;;;
24/02/2026 01:00;Memphis Grizzlies;Sacramento Kings;;;
24/02/2026 02:30;Houston Rockets;Utah Jazz;;;
25/02/2026 00:00;Indiana Pacers;Philadelphia 76ers;;;
25/02/2026 00:30;Atlanta Hawks;Washington Wizards;;;
25/02/2026 00:30;Brooklyn Nets;Dallas Mavericks;;;
25/02/2026 00:30;Toronto Raptors;Oklahoma City Thunder;;;
25/02/2026 01:00;Cleveland Cavaliers;New York Knicks;;;
25/02/2026 01:00;Chicago Bulls;Charlotte Hornets;;;
25/02/2026 01:00;Milwaukee Bucks;Miami Heat;;;
25/02/2026 01:00;New Orleans Pelicans;Golden State Warriors;;;
25/02/2026 02:00;Phoenix Suns;Boston Celtics;;;
25/02/2026 03:30;Los Angeles Lakers;Orlando Magic;;;
25/02/2026 04:00;Portland Trail Blazers;Minnesota Timberwolves;;;
26/02/2026 00:00;Detroit Pistons;Oklahoma City Thunder;;;
26/02/2026 00:30;Toronto Raptors;San Antonio Spurs;;;
26/02/2026 00:30;Memphis Grizzlies;Golden State Warriors;;;
26/02/2026 01:00;Houston Rockets;Sacramento Kings;;;
26/02/2026 01:00;Milwaukee Bucks;Cleveland Cavaliers;;;
26/02/2026 03:00;Denver Nuggets;Boston Celtics;;;
27/02/2026 00:00;Indiana Pacers;Charlotte Hornets;;;
27/02/2026 00:00;Philadelphia 76ers;Miami Heat;;;
27/02/2026 00:30;Atlanta Hawks;Washington Wizards;;;
27/02/2026 00:30;Brooklyn Nets;San Antonio Spurs;;;
27/02/2026 00:30;Orlando Magic;Houston Rockets;;;
27/02/2026 01:00;Chicago Bulls;Portland Trail Blazers;;;
27/02/2026 01:30;Dallas Mavericks;Sacramento Kings;;;
27/02/2026 02:00;Phoenix Suns;Los Angeles Lakers;;;
27/02/2026 02:00;Utah Jazz;New Orleans Pelicans;;;
27/02/2026 03:00;LA Clippers;Minnesota Timberwolves;;;
28/02/2026 00:00;Detroit Pistons;Cleveland Cavaliers;;;
28/02/2026 00:30;Boston Celtics;Brooklyn Nets;;;
28/02/2026 01:00;Milwaukee Bucks;New York Knicks;;;
28/02/2026 01:30;Dallas Mavericks;Memphis Grizzlies;;;
28/02/2026 02:30;Oklahoma City Thunder;Denver Nuggets;;;
28/02/2026 18:00;Charlotte Hornets;Portland Trail Blazers;;;
28/02/2026 20:00;Miami Heat;Houston Rockets;;;
01/03/2026 00:00;Washington Wizards;Toronto Raptors;;;
01/03/2026 01:30;Golden State Warriors;Los Angeles Lakers;;;
01/03/2026 02:30;Utah Jazz;New Orleans Pelicans;;;
01/03/2026 18:00;New York Knicks;San Antonio Spurs;;;
01/03/2026 20:30;Brooklyn Nets;Cleveland Cavaliers;;;
01/03/2026 20:30;Chicago Bulls;Milwaukee Bucks;;;
01/03/2026 20:30;Denver Nuggets;Minnesota Timberwolves;;;
01/03/2026 22:00;Indiana Pacers;Memphis Grizzlies;;;
01/03/2026 23:00;Atlanta Hawks;Portland Trail Blazers;;;
01/03/2026 23:00;Boston Celtics;Philadelphia 76ers;;;
01/03/2026 23:00;Orlando Magic;Detroit Pistons;;;
02/03/2026 01:00;Dallas Mavericks;Oklahoma City Thunder;;;
02/03/2026 02:00;LA Clippers;New Orleans Pelicans;;;
02/03/2026 02:30;Los Angeles Lakers;Sacramento Kings;;;
03/03/2026 00:00;Washington Wizards;Houston Rockets;;;
03/03/2026 00:30;Milwaukee Bucks;Boston Celtics;;;
03/03/2026 02:00;Utah Jazz;Denver Nuggets;;;
03/03/2026 03:00;Golden State Warriors;LA Clippers;;;
04/03/2026 00:00;Charlotte Hornets;Dallas Mavericks;;;
04/03/2026 00:00;Cleveland Cavaliers;Detroit Pistons;;;
04/03/2026 00:00;Orlando Magic;Washington Wizards;;;
04/03/2026 00:30;Miami Heat;Brooklyn Nets;;;
04/03/2026 00:30;Toronto Raptors;New York Knicks;;;
04/03/2026 01:00;Philadelphia 76ers;San Antonio Spurs;;;
04/03/2026 01:00;Chicago Bulls;Oklahoma City Thunder;;;
04/03/2026 01:00;Minnesota Timberwolves;Memphis Grizzlies;;;
04/03/2026 03:30;Los Angeles Lakers;New Orleans Pelicans;;;
04/03/2026 04:00;Sacramento Kings;Phoenix Suns;;;
05/03/2026 00:00;New York Knicks;Oklahoma City Thunder;;;
05/03/2026 00:30;Boston Celtics;Charlotte Hornets;;;
05/03/2026 00:30;Philadelphia 76ers;Utah Jazz;;;
05/03/2026 01:00;Memphis Grizzlies;Portland Trail Blazers;;;
05/03/2026 02:30;Milwaukee Bucks;Atlanta Hawks;;;
05/03/2026 03:30;LA Clippers;Indiana Pacers;;;
06/03/2026 00:00;Orlando Magic;Dallas Mavericks;;;
06/03/2026 00:00;Washington Wizards;Utah Jazz;;;
06/03/2026 00:30;Miami Heat;Brooklyn Nets;;;
06/03/2026 00:30;Houston Rockets;Golden State Warriors;;;
06/03/2026 01:00;Minnesota Timberwolves;Toronto Raptors;;;
06/03/2026 01:00;San Antonio Spurs;Detroit Pistons;;;
06/03/2026 02:00;Phoenix Suns;Chicago Bulls;;;
06/03/2026 03:00;Denver Nuggets;Los Angeles Lakers;;;
06/03/2026 03:00;Sacramento Kings;New Orleans Pelicans;;;
07/03/2026 00:00;Boston Celtics;Dallas Mavericks;;;
07/03/2026 00:00;Charlotte Hornets;Miami Heat;;;
07/03/2026 01:00;Houston Rockets;Portland Trail Blazers;;;
07/03/2026 02:00;Denver Nuggets;New York Knicks;;;
07/03/2026 02:00;Phoenix Suns;New Orleans Pelicans;;;
07/03/2026 02:30;San Antonio Spurs;LA Clippers;;;
07/03/2026 03:30;Los Angeles Lakers;Indiana Pacers;;;
07/03/2026 20:00;Minnesota Timberwolves;Orlando Magic;;;
07/03/2026 23:00;Detroit Pistons;Brooklyn Nets;;;
08/03/2026 00:30;Atlanta Hawks;Philadelphia 76ers;;;
08/03/2026 01:00;Memphis Grizzlies;LA Clippers;;;
08/03/2026 01:00;Milwaukee Bucks;Utah Jazz;;;
08/03/2026 01:30;Oklahoma City Thunder;Golden State Warriors;;;
08/03/2026 17:00;Cleveland Cavaliers;Boston Celtics;;;
08/03/2026 19:30;Los Angeles Lakers;New York Knicks;;;
08/03/2026 22:00;Miami Heat;Detroit Pistons;;;
08/03/2026 22:00;Toronto Raptors;Dallas Mavericks;;;
08/03/2026 23:00;New Orleans Pelicans;Washington Wizards;;;
09/03/2026 00:00;Milwaukee Bucks;Orlando Magic;;;
09/03/2026 00:00;San Antonio Spurs;Houston Rockets;;;
09/03/2026 01:00;Phoenix Suns;Charlotte Hornets;;;
09/03/2026 01:00;Portland Trail Blazers;Indiana Pacers;;;
09/03/2026 01:00;Sacramento Kings;Chicago Bulls;;;
09/03/2026 23:00;Cleveland Cavaliers;Philadelphia 76ers;;;
09/03/2026 23:30;Brooklyn Nets;Memphis Grizzlies;;;
09/03/2026 23:30;Oklahoma City Thunder;Denver Nuggets;;;
10/03/2026 01:00;Utah Jazz;Golden State Warriors;;;
10/03/2026 02:00;LA Clippers;New York Knicks;;;
10/03/2026 23:00;Philadelphia 76ers;Memphis Grizzlies;;;
10/03/2026 23:30;Brooklyn Nets;Detroit Pistons;;;
10/03/2026 23:30;Miami Heat;Washington Wizards;;;
11/03/2026 00:00;Atlanta Hawks;Dallas Mavericks;;;
11/03/2026 00:00;Houston Rockets;Toronto Raptors;;;
11/03/2026 00:00;Milwaukee Bucks;Phoenix Suns;;;
11/03/2026 00:00;San Antonio Spurs;Boston Celtics;;;
11/03/2026 02:00;Golden State Warriors;Chicago Bulls;;;
11/03/2026 02:00;Portland Trail Blazers;Charlotte Hornets;;;
11/03/2026 02:00;Sacramento Kings;Indiana Pacers;;;
11/03/2026 03:00;Los Angeles Lakers;Minnesota Timberwolves;;;
11/03/2026 23:30;Orlando Magic;Cleveland Cavaliers;;;
12/03/2026 00:00;New Orleans Pelicans;Toronto Raptors;;;
12/03/2026 01:00;Utah Jazz;New York Knicks;;;
12/03/2026 02:00;Denver Nuggets;Houston Rockets;;;
12/03/2026 02:00;Sacramento Kings;Charlotte Hornets;;;
12/03/2026 02:30;LA Clippers;Minnesota Timberwolves;;;
12/03/2026 23:00;Detroit Pistons;Philadelphia 76ers;;;
12/03/2026 23:00;Indiana Pacers;Phoenix Suns;;;
12/03/2026 23:00;Orlando Magic;Washington Wizards;;;
12/03/2026 23:30;Atlanta Hawks;Brooklyn Nets;;;
12/03/2026 23:30;Miami Heat;Milwaukee Bucks;;;
13/03/2026 01:00;San Antonio Spurs;Denver Nuggets;;;
13/03/2026 01:30;Oklahoma City Thunder;Boston Celtics;;;
13/03/2026 02:30;Los Angeles Lakers;Chicago Bulls;;;
13/03/2026 23:30;Detroit Pistons;Memphis Grizzlies;;;
13/03/2026 23:30;Indiana Pacers;New York Knicks;;;
13/03/2026 23:30;Toronto Raptors;Phoenix Suns;;;
14/03/2026 00:00;Houston Rockets;New Orleans Pelicans;;;
14/03/2026 00:30;Dallas Mavericks;Cleveland Cavaliers;;;
14/03/2026 02:00;Golden State Warriors;Minnesota Timberwolves;;;
14/03/2026 02:00;Portland Trail Blazers;Utah Jazz;;;
14/03/2026 02:30;LA Clippers;Chicago Bulls;;;
14/03/2026 17:00;Philadelphia 76ers;Brooklyn Nets;;;
14/03/2026 19:00;Atlanta Hawks;Milwaukee Bucks;;;
14/03/2026 22:00;Boston Celtics;Washington Wizards;;;
15/03/2026 00:00;Miami Heat;Orlando Magic;;;
15/03/2026 00:00;San Antonio Spurs;Charlotte Hornets;;;
15/03/2026 00:30;Los Angeles Lakers;Denver Nuggets;;;
15/03/2026 02:30;LA Clippers;Sacramento Kings;;;
15/03/2026 17:00;Oklahoma City Thunder;Minnesota Timberwolves;;;
15/03/2026 19:30;Cleveland Cavaliers;Dallas Mavericks;;;
15/03/2026 19:30;Toronto Raptors;Detroit Pistons;;;
15/03/2026 19:30;Milwaukee Bucks;Indiana Pacers;;;
15/03/2026 22:00;Philadelphia 76ers;Portland Trail Blazers;;;
16/03/2026 00:00;New York Knicks;Golden State Warriors;;;
16/03/2026 02:00;Sacramento Kings;Utah Jazz;;;
16/03/2026 23:00;Atlanta Hawks;Orlando Magic;;;
16/03/2026 23:00;Washington Wizards;Golden State Warriors;;;
16/03/2026 23:30;Brooklyn Nets;Portland Trail Blazers;;;
17/03/2026 00:00;Boston Celtics;Phoenix Suns;;;
17/03/2026 00:00;Chicago Bulls;Memphis Grizzlies;;;
17/03/2026 00:00;New Orleans Pelicans;Dallas Mavericks;;;
17/03/2026 01:00;Houston Rockets;Los Angeles Lakers;;;
17/03/2026 02:30;LA Clippers;San Antonio Spurs;;;
17/03/2026 23:00;Charlotte Hornets;Miami Heat;;;
17/03/2026 23:00;Orlando Magic;Oklahoma City Thunder;;;
17/03/2026 23:00;Washington Wizards;Detroit Pistons;;;
17/03/2026 23:30;New York Knicks;Indiana Pacers;;;
18/03/2026 00:00;Milwaukee Bucks;Cleveland Cavaliers;;;
18/03/2026 00:00;Minnesota Timberwolves;Phoenix Suns;;;
18/03/2026 01:00;Denver Nuggets;Philadelphia 76ers;;;
18/03/2026 03:00;Sacramento Kings;San Antonio Spurs;;;
18/03/2026 23:00;Boston Celtics;Golden State Warriors;;;
18/03/2026 23:30;Brooklyn Nets;Oklahoma City Thunder;;;
18/03/2026 23:30;Indiana Pacers;Portland Trail Blazers;;;
19/03/2026 00:00;Chicago Bulls;Toronto Raptors;;;
19/03/2026 00:00;Memphis Grizzlies;New York Knicks;;;
19/03/2026 00:00;Minnesota Timberwolves;Utah Jazz;;;
19/03/2026 00:00;New Orleans Pelicans;LA Clippers;;;
19/03/2026 00:30;Dallas Mavericks;Atlanta Hawks;;;
19/03/2026 01:30;Houston Rockets;Los Angeles Lakers;;;
19/03/2026 23:00;Charlotte Hornets;Orlando Magic;;;
19/03/2026 23:00;Washington Wizards;Detroit Pistons;;;
20/03/2026 00:00;Miami Heat;Los Angeles Lakers;;;
20/03/2026 00:00;Chicago Bulls;Cleveland Cavaliers;;;
20/03/2026 00:00;New Orleans Pelicans;LA Clippers;;;
20/03/2026 00:00;San Antonio Spurs;Phoenix Suns;;;
20/03/2026 01:00;Utah Jazz;Milwaukee Bucks;;;
20/03/2026 02:00;Sacramento Kings;Philadelphia 76ers;;;
20/03/2026 23:30;Brooklyn Nets;New York Knicks;;;
20/03/2026 23:30;Detroit Pistons;Golden State Warriors;;;
21/03/2026 00:00;Houston Rockets;Atlanta Hawks;;;
21/03/2026 00:00;Memphis Grizzlies;Boston Celtics;;;
21/03/2026 00:00;Minnesota Timberwolves;Portland Trail Blazers;;;
21/03/2026 01:00;Denver Nuggets;Toronto Raptors;;;
21/03/2026 21:00;Washington Wizards;Oklahoma City Thunder;;;
21/03/2026 23:00;Charlotte Hornets;Memphis Grizzlies;;;
21/03/2026 23:00;Orlando Magic;Los Angeles Lakers;;;
21/03/2026 23:00;New Orleans Pelicans;Cleveland Cavaliers;;;
22/03/2026 00:00;Atlanta Hawks;Golden State Warriors;;;
22/03/2026 00:00;Houston Rockets;Miami Heat;;;
22/03/2026 00:00;San Antonio Spurs;Indiana Pacers;;;
22/03/2026 00:30;Dallas Mavericks;LA Clippers;;;
22/03/2026 01:30;Utah Jazz;Philadelphia 76ers;;;
22/03/2026 02:00;Phoenix Suns;Milwaukee Bucks;;;
22/03/2026 21:00;Denver Nuggets;Portland Trail Blazers;;;
22/03/2026 22:00;Sacramento Kings;Brooklyn Nets;;;
22/03/2026 23:30;New York Knicks;Washington Wizards;;;
23/03/2026 00:00;Boston Celtics;Minnesota Timberwolves;;;
23/03/2026 01:00;Phoenix Suns;Toronto Raptors;;;
23/03/2026 23:00;Atlanta Hawks;Memphis Grizzlies;;;
23/03/2026 23:00;Detroit Pistons;Los Angeles Lakers;;;
23/03/2026 23:00;Orlando Magic;Indiana Pacers;;;
23/03/2026 23:00;Philadelphia 76ers;Oklahoma City Thunder;;;
23/03/2026 23:30;Miami Heat;San Antonio Spurs;;;
24/03/2026 00:00;Chicago Bulls;Houston Rockets;;;
24/03/2026 01:00;Utah Jazz;Toronto Raptors;;;
24/03/2026 01:30;Dallas Mavericks;Golden State Warriors;;;
24/03/2026 02:00;Portland Trail Blazers;Brooklyn Nets;;;
24/03/2026 02:30;LA Clippers;Milwaukee Bucks;;;
24/03/2026 23:00;Charlotte Hornets;Sacramento Kings;;;
24/03/2026 23:30;New York Knicks;New Orleans Pelicans;;;
25/03/2026 00:00;Cleveland Cavaliers;Orlando Magic;;;
25/03/2026 03:00;Phoenix Suns;Denver Nuggets;;;
25/03/2026 23:00;Detroit Pistons;Atlanta Hawks;;;
25/03/2026 23:00;Indiana Pacers;Los Angeles Lakers;;;
25/03/2026 23:00;Philadelphia 76ers;Chicago Bulls;;;
25/03/2026 23:30;Boston Celtics;Oklahoma City Thunder;;;
25/03/2026 23:30;Cleveland Cavaliers;Miami Heat;;;
26/03/2026 00:00;Memphis Grizzlies;San Antonio Spurs;;;
26/03/2026 01:00;Utah Jazz;Washington Wizards;;;
26/03/2026 01:30;Minnesota Timberwolves;Houston Rockets;;;
26/03/2026 02:00;Denver Nuggets;Dallas Mavericks;;;
26/03/2026 02:00;Golden State Warriors;Brooklyn Nets;;;
26/03/2026 02:00;Portland Trail Blazers;Milwaukee Bucks;;;
26/03/2026 02:30;LA Clippers;Toronto Raptors;;;
26/03/2026 23:00;Charlotte Hornets;New York Knicks;;;
26/03/2026 23:00;Detroit Pistons;New Orleans Pelicans;;;
26/03/2026 23:00;Orlando Magic;Sacramento Kings;;;
27/03/2026 23:00;Indiana Pacers;LA Clippers;;;
27/03/2026 23:30;Boston Celtics;Atlanta Hawks;;;
27/03/2026 23:30;Cleveland Cavaliers;Miami Heat;;;
28/03/2026 00:00;Memphis Grizzlies;Houston Rockets;;;
28/03/2026 00:00;Oklahoma City Thunder;Chicago Bulls;;;
28/03/2026 00:30;Toronto Raptors;New Orleans Pelicans;;;
28/03/2026 01:00;Denver Nuggets;Utah Jazz;;;
28/03/2026 02:00;Golden State Warriors;Washington Wizards;;;
28/03/2026 02:00;Portland Trail Blazers;Dallas Mavericks;;;
28/03/2026 02:30;Los Angeles Lakers;Brooklyn Nets;;;
28/03/2026 19:00;Milwaukee Bucks;San Antonio Spurs;;;
28/03/2026 22:00;Charlotte Hornets;Philadelphia 76ers;;;
28/03/2026 23:30;Atlanta Hawks;Sacramento Kings;;;
29/03/2026 00:00;Memphis Grizzlies;Chicago Bulls;;;
29/03/2026 00:00;Minnesota Timberwolves;Detroit Pistons;;;
29/03/2026 02:00;Phoenix Suns;Utah Jazz;;;
29/03/2026 19:30;Milwaukee Bucks;LA Clippers;;;
29/03/2026 21:00;Indiana Pacers;Miami Heat;;;
29/03/2026 22:00;Brooklyn Nets;Sacramento Kings;;;
29/03/2026 22:00;Charlotte Hornets;Boston Celtics;;;
29/03/2026 22:00;Toronto Raptors;Orlando Magic;;;
29/03/2026 22:00;Portland Trail Blazers;Washington Wizards;;;
29/03/2026 23:00;New Orleans Pelicans;Houston Rockets;;;
29/03/2026 23:30;Oklahoma City Thunder;New York Knicks;;;
30/03/2026 02:00;Denver Nuggets;Golden State Warriors;;;
30/03/2026 23:00;Miami Heat;Philadelphia 76ers;;;
30/03/2026 23:30;Atlanta Hawks;Boston Celtics;;;
31/03/2026 00:00;Memphis Grizzlies;Phoenix Suns;;;
31/03/2026 00:00;San Antonio Spurs;Chicago Bulls;;;
31/03/2026 00:30;Dallas Mavericks;Minnesota Timberwolves;;;
31/03/2026 01:00;Utah Jazz;Cleveland Cavaliers;;;
31/03/2026 01:30;Oklahoma City Thunder;Detroit Pistons;;;
31/03/2026 02:00;Los Angeles Lakers;Washington Wizards;;;
31/03/2026 23:00;Orlando Magic;Phoenix Suns;;;
31/03/2026 23:30;Brooklyn Nets;Charlotte Hornets;;;
01/04/2026 00:00;Detroit Pistons;Toronto Raptors;;;
01/04/2026 00:00;Houston Rockets;New York Knicks;;;
01/04/2026 02:30;Los Angeles Lakers;Cleveland Cavaliers;;;
01/04/2026 03:00;LA Clippers;Portland Trail Blazers;;;
01/04/2026 23:00;Washington Wizards;Philadelphia 76ers;;;
01/04/2026 23:30;Miami Heat;Boston Celtics;;;
01/04/2026 23:30;Orlando Magic;Atlanta Hawks;;;
02/04/2026 00:00;Toronto Raptors;Sacramento Kings;;;
02/04/2026 00:00;Chicago Bulls;Indiana Pacers;;;
02/04/2026 00:00;Houston Rockets;Milwaukee Bucks;;;
02/04/2026 00:00;Memphis Grizzlies;Dallas Mavericks;;;
02/04/2026 01:00;Utah Jazz;Denver Nuggets;;;
02/04/2026 02:00;Golden State Warriors;San Antonio Spurs;;;
02/04/2026 23:00;Charlotte Hornets;Phoenix Suns;;;
02/04/2026 23:00;Detroit Pistons;Minnesota Timberwolves;;;
02/04/2026 23:30;Oklahoma City Thunder;Los Angeles Lakers;;;
03/04/2026 02:00;Golden State Warriors;Cleveland Cavaliers;;;
03/04/2026 02:00;Portland Trail Blazers;New Orleans Pelicans;;;
03/04/2026 02:30;LA Clippers;San Antonio Spurs;;;
03/04/2026 23:00;Charlotte Hornets;Indiana Pacers;;;
03/04/2026 23:00;Philadelphia 76ers;Minnesota Timberwolves;;;
03/04/2026 23:30;Brooklyn Nets;Atlanta Hawks;;;
03/04/2026 23:30;New York Knicks;Chicago Bulls;;;
04/04/2026 00:00;Houston Rockets;Utah Jazz;;;
04/04/2026 00:00;Memphis Grizzlies;Toronto Raptors;;;
04/04/2026 00:00;Milwaukee Bucks;Boston Celtics;;;
04/04/2026 00:30;Dallas Mavericks;Orlando Magic;;;
04/04/2026 02:00;Sacramento Kings;New Orleans Pelicans;;;
04/04/2026 19:00;Miami Heat;Washington Wizards;;;
04/04/2026 19:00;Denver Nuggets;San Antonio Spurs;;;
04/04/2026 23:00;Philadelphia 76ers;Detroit Pistons;;;
05/04/2026 19:30;Boston Celtics;Toronto Raptors;;;
05/04/2026 19:30;Brooklyn Nets;Washington Wizards;;;
05/04/2026 19:30;Chicago Bulls;Phoenix Suns;;;
05/04/2026 19:30;Milwaukee Bucks;Memphis Grizzlies;;;
05/04/2026 22:00;Cleveland Cavaliers;Indiana Pacers;;;
05/04/2026 23:00;Minnesota Timberwolves;Charlotte Hornets;;;
05/04/2026 23:00;New Orleans Pelicans;Orlando Magic;;;
05/04/2026 23:00;Oklahoma City Thunder;Utah Jazz;;;
05/04/2026 23:30;Dallas Mavericks;Los Angeles Lakers;;;
06/04/2026 01:00;Sacramento Kings;LA Clippers;;;
06/04/2026 02:00;Golden State Warriors;Houston Rockets;;;
06/04/2026 23:00;Atlanta Hawks;New York Knicks;;;
06/04/2026 23:00;Orlando Magic;Detroit Pistons;;;
07/04/2026 00:00;Memphis Grizzlies;Cleveland Cavaliers;;;
07/04/2026 00:00;San Antonio Spurs;Philadelphia 76ers;;;
07/04/2026 01:00;Denver Nuggets;Portland Trail Blazers;;;
07/04/2026 23:00;Washington Wizards;Chicago Bulls;;;
07/04/2026 23:30;Boston Celtics;Charlotte Hornets;;;
07/04/2026 23:30;Brooklyn Nets;Milwaukee Bucks;;;
07/04/2026 23:30;Toronto Raptors;Miami Heat;;;
08/04/2026 00:00;Indiana Pacers;Minnesota Timberwolves;;;
08/04/2026 00:00;New Orleans Pelicans;Utah Jazz;;;
08/04/2026 02:00;Golden State Warriors;Sacramento Kings;;;
08/04/2026 02:30;Los Angeles Lakers;Oklahoma City Thunder;;;
08/04/2026 02:30;LA Clippers;Dallas Mavericks;;;
08/04/2026 03:00;Phoenix Suns;Houston Rockets;;;
08/04/2026 23:00;Cleveland Cavaliers;Atlanta Hawks;;;
08/04/2026 23:00;Orlando Magic;Minnesota Timberwolves;;;
08/04/2026 23:30;Detroit Pistons;Milwaukee Bucks;;;
09/04/2026 00:00;San Antonio Spurs;Portland Trail Blazers;;;
09/04/2026 01:00;Denver Nuggets;Memphis Grizzlies;;;
09/04/2026 02:00;LA Clippers;Oklahoma City Thunder;;;
09/04/2026 02:00;Phoenix Suns;Dallas Mavericks;;;
09/04/2026 23:00;Toronto Raptors;Miami Heat;;;
09/04/2026 23:00;Washington Wizards;Chicago Bulls;;;
09/04/2026 23:30;Brooklyn Nets;Indiana Pacers;;;
09/04/2026 23:30;New York Knicks;Boston Celtics;;;
10/04/2026 00:00;Houston Rockets;Philadelphia 76ers;;;
10/04/2026 02:00;Golden State Warriors;Los Angeles Lakers;;;
10/04/2026 23:00;Charlotte Hornets;Detroit Pistons;;;
10/04/2026 23:00;Washington Wizards;Miami Heat;;;
10/04/2026 23:30;Atlanta Hawks;Cleveland Cavaliers;;;
10/04/2026 23:30;Boston Celtics;New Orleans Pelicans;;;
10/04/2026 23:30;Indiana Pacers;Philadelphia 76ers;;;
10/04/2026 23:30;New York Knicks;Toronto Raptors;;;
11/04/2026 00:00;Chicago Bulls;Orlando Magic;;;
11/04/2026 00:00;Houston Rockets;Minnesota Timberwolves;;;
11/04/2026 00:00;Milwaukee Bucks;Brooklyn Nets;;;
11/04/2026 00:00;San Antonio Spurs;Dallas Mavericks;;;
11/04/2026 01:30;Utah Jazz;Memphis Grizzlies;;;
11/04/2026 02:00;Denver Nuggets;Oklahoma City Thunder;;;
11/04/2026 02:00;Portland Trail Blazers;LA Clippers;;;
11/04/2026 02:00;Sacramento Kings;Golden State Warriors;;;
11/04/2026 02:30;Los Angeles Lakers;Phoenix Suns;;;
12/04/2026 22:00;Boston Celtics;Orlando Magic;;;
12/04/2026 22:00;Cleveland Cavaliers;Washington Wizards;;;
12/04/2026 22:00;Indiana Pacers;Detroit Pistons;;;
12/04/2026 22:00;Miami Heat;Atlanta Hawks;;;
12/04/2026 22:00;New York Knicks;Charlotte Hornets;;;
12/04/2026 22:00;Philadelphia 76ers;Milwaukee Bucks;;;
12/04/2026 22:00;Toronto Raptors;Brooklyn Nets;;;
13/04/2026 00:30;Dallas Mavericks;Chicago Bulls;;;
13/04/2026 00:30;Houston Rockets;Memphis Grizzlies;;;
13/04/2026 00:30;Minnesota Timberwolves;New Orleans Pelicans;;;
13/04/2026 00:30;Oklahoma City Thunder;Phoenix Suns;;;
13/04/2026 00:30;San Antonio Spurs;Denver Nuggets;;;
13/04/2026 00:30;Los Angeles Lakers;Utah Jazz;;;
13/04/2026 00:30;LA Clippers;Golden State Warriors;;;
13/04/2026 00:30;Portland Trail Blazers;Sacramento Kings;;;
