Date,HomeTeam,AwayTeam,FTHG,FTAG,FTR,HTHG,HTAG,HTR
2024-01-01,BUF,NJD,1,4,A,0,2,A
2024-01-01,NJD,BUF,3,1,H,0,0,D
2024-01-01,SEA,STL,2,3,A,0,0,D
2024-01-01,FLA,BOS,6,4,H,4,1,H
2024-01-01,UTA,CHI,5,2,H,2,0,H
2024-01-01,MTL,TOR,1,0,H,1,0,H
2024-01-01,PIT,NYR,0,6,A,0,3,A
2024-01-01,EDM,WPG,0,6,A,0,2,A
2024-01-01,VAN,CGY,5,6,A,4,1,H
2024-01-01,VGK,COL,8,4,H,3,1,H
2024-01-01,BOS,MTL,6,4,H,3,2,H
2024-01-01,BUF,LAK,1,3,A,0,0,D
2024-01-01,OTT,FLA,3,1,H,2,0,H
2024-01-01,DET,PIT,3,6,A,1,1,D
2024-01-01,NJD,TOR,2,4,A,1,3,A
2024-01-01,NYI,UTA,4,5,A,1,1,D
2024-01-01,NSH,DAL,3,4,A,0,0,D
2024-01-01,MIN,CBJ,3,2,H,1,0,H
2024-01-01,SJS,STL,4,5,A,2,1,H
2024-01-01,CAR,TBL,1,4,A,1,0,H
2024-01-01,WPG,CHI,2,1,H,0,0,D
2024-01-01,VAN,PHI,2,2,D,1,1,D
2024-01-01,VGK,STL,4,3,H,2,1,H
2024-01-01,BOS,LAK,2,1,H,0,0,D
2024-01-01,BUF,FLA,5,2,H,2,1,H
2024-01-01,TOR,PIT,4,2,H,0,1,A
2024-01-01,MTL,OTT,4,1,H,2,0,H
2024-01-01,DET,NSH,3,0,H,0,0,D
2024-01-01,TBL,CAR,3,2,H,1,0,H
2024-01-01,NYR,UTA,5,6,A,1,1,D
2024-01-01,WSH,NJD,3,5,A,1,2,A
2024-01-01,DAL,NYI,3,0,H,1,0,H
2024-01-01,MIN,SEA,4,4,D,1,0,H
2024-01-01,COL,CBJ,4,6,A,1,2,A
2024-01-01,CGY,PHI,6,3,H,2,0,H
2024-01-01,EDM,CHI,2,5,A,0,1,A
2024-01-01,SJS,ANA,0,2,A,0,0,D
2024-01-01,WPG,MIN,2,1,H,1,1,D
2024-01-01,DAL,SEA,2,0,H,2,0,H
2024-01-01,EDM,CGY,1,4,A,1,0,H
2024-01-01,VGK,ANA,3,1,H,1,1,D
2024-01-01,BOS,FLA,3,4,A,1,2,A
2024-01-01,OTT,LAK,8,7,H,1,2,A
2024-01-01,NJD,UTA,3,0,H,0,0,D
2024-01-01,NYR,DET,4,1,H,1,1,D
2024-01-01,MTL,PIT,3,6,A,1,2,A
2024-01-01,COL,NYI,2,6,A,1,2,A
2024-01-01,TBL,VAN,4,1,H,1,0,H
2024-01-01,WSH,VGK,4,2,H,1,1,D
2024-01-01,CAR,NJD,4,2,H,0,0,D
2024-01-01,CBJ,FLA,3,4,A,0,0,D
2024-01-01,STL,MIN,1,4,A,0,1,A
2024-01-01,NSH,SEA,3,7,A,2,3,A
2024-01-01,DAL,SJS,2,2,D,0,0,D
2024-01-01,CGY,CHI,3,1,H,1,1,D
2024-01-01,EDM,PHI,4,3,H,0,2,A
2024-01-01,PIT,BUF,6,5,H,1,3,A
2024-01-01,TOR,LAK,6,2,H,3,0,H
2024-01-01,COL,BOS,3,5,A,1,2,A
2024-01-01,ANA,UTA,5,4,H,1,2,A
2024-01-01,MTL,LAK,1,4,A,1,1,D
2024-01-01,OTT,NJD,1,3,A,0,0,D
2024-01-01,DET,NYR,2,5,A,0,2,A
2024-01-01,TBL,VGK,4,3,H,2,2,D
2024-01-01,FLA,VAN,2,3,A,1,1,D
2024-01-01,WSH,DAL,3,2,H,0,1,A
2024-01-01,CBJ,BUF,6,4,H,2,0,H
2024-01-01,STL,NYI,1,0,H,0,0,D
2024-01-01,NSH,EDM,2,4,A,1,1,D
2024-01-01,CHI,SJS,4,2,H,2,0,H
2024-01-01,SEA,PHI,6,4,H,1,2,A
2024-01-01,PIT,CAR,1,4,A,1,1,D
2024-01-01,WPG,SJS,8,3,H,4,1,H
2024-01-01,COL,ANA,4,3,H,0,2,A
2024-01-01,OTT,TBL,5,4,H,2,0,H
2024-01-01,NSH,DET,2,5,A,1,1,D
2024-01-01,DAL,EDM,4,1,H,0,0,D
2024-01-01,FLA,VGK,4,3,H,0,1,A
2024-01-01,TOR,NYR,1,4,A,0,1,A
2024-01-01,NJD,WSH,5,6,A,1,3,A
2024-01-01,NYI,MTL,3,3,D,2,1,H
2024-01-01,PHI,VAN,0,3,A,0,1,A
2024-01-01,CBJ,MIN,1,3,A,0,1,A
2024-01-01,STL,CAR,4,3,H,0,1,A
2024-01-01,CHI,BUF,2,4,A,0,2,A
2024-01-01,UTA,BOS,2,1,H,0,0,D
2024-01-01,SEA,CGY,2,1,H,0,1,A
2024-01-01,WPG,PIT,6,3,H,0,0,D
2024-01-01,SJS,COL,1,4,A,1,2,A
2024-01-01,ANA,LAK,1,4,A,0,0,D
2024-01-01,TOR,TBL,5,2,H,1,1,D
2024-01-01,PHI,WSH,1,4,A,0,2,A
2024-01-01,FLA,MIN,1,5,A,0,2,A
2024-01-01,NJD,TBL,5,8,A,1,1,D
2024-01-01,BUF,DAL,4,2,H,0,0,D
2024-01-01,MTL,NYR,2,7,A,1,4,A
2024-01-01,CBJ,TOR,6,2,H,3,0,H
2024-01-01,NYI,DET,0,1,A,0,1,A
2024-01-01,STL,WPG,2,3,A,1,0,H
2024-01-01,CHI,VAN,3,6,A,2,4,A
2024-01-01,NSH,BOS,4,0,H,1,0,H
2024-01-01,CGY,PIT,3,3,D,1,0,H
2024-01-01,EDM,CAR,2,3,A,1,0,H
2024-01-01,UTA,OTT,0,4,A,0,4,A
2024-01-01,ANA,SJS,3,1,H,0,0,D
2024-01-01,SEA,COL,2,3,A,0,1,A
2024-01-01,VGK,LAK,6,1,H,3,0,H
2024-01-01,WSH,PHI,6,3,H,1,0,H
2024-01-01,BOS,DAL,2,5,A,1,1,D
2024-01-01,TOR,STL,1,5,A,0,2,A
2024-01-01,DET,NJD,5,3,H,2,1,H
2024-01-01,TBL,MIN,2,4,A,0,1,A
2024-01-01,NYR,FLA,1,3,A,1,2,A
2024-01-01,CGY,CAR,2,4,A,0,1,A
2024-01-01,UTA,COL,1,5,A,0,2,A
2024-01-01,SEA,WPG,3,4,A,1,0,H
2024-01-01,LAK,SJS,3,2,H,3,0,H
2024-01-01,VGK,OTT,6,4,H,2,3,A
2024-01-01,NJD,NYI,3,4,A,1,2,A
2024-01-01,CHI,NSH,2,3,A,1,0,H
2024-01-01,EDM,PIT,4,0,H,0,0,D
2024-01-01,BUF,DET,5,3,H,2,1,H
2024-01-01,PHI,MIN,7,5,H,2,0,H
2024-01-01,LAK,UTA,3,2,H,0,0,D
2024-01-01,BOS,TOR,4,3,H,0,0,D
2024-01-01,MTL,STL,5,2,H,1,0,H
2024-01-01,TBL,WSH,3,0,H,0,0,D
2024-01-01,NYR,ANA,2,1,H,0,0,D
2024-01-01,CGY,WPG,3,5,A,1,2,A
2024-01-01,NYI,FLA,3,6,A,3,1,H
2024-01-01,NSH,CBJ,4,3,H,0,0,D
2024-01-01,DAL,CHI,4,2,H,1,0,H
2024-01-01,VAN,PIT,4,3,H,0,1,A
2024-01-01,VGK,SJS,7,3,H,3,0,H
2024-01-01,SEA,CAR,1,4,A,0,1,A
2024-01-01,DET,EDM,2,3,A,1,0,H
2024-01-01,NJD,ANA,6,2,H,0,1,A
2024-01-01,PHI,MTL,3,4,A,1,1,D
2024-01-01,COL,OTT,5,4,H,1,0,H
2024-01-01,BUF,FLA,2,5,A,0,2,A
2024-01-01,TBL,NSH,3,2,H,2,0,H
2024-01-01,CBJ,EDM,6,1,H,3,0,H
2024-01-01,WPG,TOR,4,6,A,0,2,A
2024-01-01,COL,CHI,2,5,A,2,3,A
2024-01-01,UTA,SJS,4,5,A,2,0,H
2024-01-01,VAN,CAR,3,4,A,1,2,A
2024-01-01,VGK,CGY,5,0,H,1,0,H
2024-01-01,BOS,PHI,0,2,A,0,0,D
2024-01-01,MTL,SEA,2,8,A,1,4,A
2024-01-01,OTT,STL,8,1,H,3,0,H
2024-01-01,WSH,NYR,5,3,H,3,1,H
2024-01-01,NYI,ANA,1,3,A,0,1,A
2024-01-01,PIT,MIN,3,5,A,2,2,D
2024-01-01,SJS,LAK,4,2,H,0,0,D
2024-01-01,CBJ,NYI,2,0,H,0,0,D
2024-01-01,DET,WPG,2,6,A,0,3,A
2024-01-01,COL,TBL,2,5,A,1,3,A
2024-01-01,UTA,CGY,5,1,H,2,0,H
2024-01-01,VAN,NJD,0,6,A,0,1,A
2024-01-01,LAK,VGK,6,3,H,2,0,H
2024-01-01,TOR,SEA,4,1,H,1,0,H
2024-01-01,PHI,STL,2,1,H,1,0,H
2024-01-01,PIT,ANA,2,1,H,0,1,A
2024-01-01,WSH,MTL,6,3,H,0,0,D
2024-01-01,CAR,BOS,8,2,H,4,1,H
2024-01-01,NSH,EDM,1,5,A,1,2,A
2024-01-01,SJS,CHI,3,2,H,1,2,A
2024-01-01,DAL,FLA,4,6,A,1,3,A
2024-01-01,BUF,NYI,3,4,A,1,1,D
2024-01-01,NYR,OTT,2,1,H,1,0,H
2024-01-01,CBJ,WPG,2,6,A,1,2,A
2024-01-01,MIN,TBL,5,3,H,0,1,A
2024-01-01,CGY,NJD,3,0,H,0,0,D
2024-01-01,FLA,DAL,4,2,H,1,0,H
2024-01-01,PHI,BOS,0,3,A,0,1,A
2024-01-01,LAK,CHI,3,3,D,1,0,H
2024-01-01,WSH,CBJ,7,2,H,5,0,H
2024-01-01,OTT,SEA,3,0,H,1,0,H
2024-01-01,DET,BUF,2,1,H,0,1,A
2024-01-01,PIT,MTL,3,1,H,1,0,H
2024-01-01,STL,TOR,4,2,H,0,1,A
2024-01-01,NSH,COL,5,2,H,0,0,D
2024-01-01,VGK,UTA,4,3,H,0,1,A
2024-01-01,SJS,VAN,2,3,A,0,0,D
2024-01-01,NYR,NYI,5,2,H,1,0,H
2024-01-01,WPG,TBL,7,4,H,1,2,A
2024-01-01,BOS,SEA,2,0,H,2,0,H
2024-01-01,CAR,WSH,4,2,H,1,2,A
2024-01-01,MIN,TOR,2,1,H,1,1,D
2024-01-01,CGY,EDM,2,4,A,0,2,A
2024-01-01,ANA,CHI,2,4,A,0,2,A
2024-01-01,NSH,LAK,0,3,A,0,1,A
2024-01-01,EDM,NJD,0,3,A,0,1,A
2024-01-01,BUF,OTT,5,1,H,1,0,H
2024-01-01,TOR,BOS,4,0,H,0,0,D
2024-01-01,MTL,CGY,2,3,A,0,0,D
2024-01-01,CAR,PHI,6,4,H,1,1,D
2024-01-01,NYI,PIT,3,3,D,0,0,D
2024-01-01,STL,TBL,3,2,H,0,0,D
2024-01-01,MIN,LAK,1,5,A,0,0,D
2024-01-01,WPG,UTA,3,0,H,0,0,D
2024-01-01,COL,SEA,6,3,H,2,1,H
2024-01-01,ANA,VAN,1,5,A,1,2,A
2024-01-01,SJS,CBJ,2,1,H,0,0,D
2024-01-01,WSH,NSH,3,2,H,1,1,D
2024-01-01,CHI,DET,1,4,A,0,1,A
2024-01-01,EDM,VGK,2,4,A,0,1,A
2024-01-01,BOS,CGY,4,3,H,1,1,D
2024-01-01,OTT,NYI,2,4,A,0,0,D
2024-01-01,TBL,PHI,1,1,D,1,0,H
2024-01-01,FLA,NSH,6,2,H,2,0,H
2024-01-01,NJD,MTL,5,3,H,2,0,H
2024-01-01,NYR,BUF,1,6,A,0,1,A
2024-01-01,CAR,PIT,5,1,H,2,0,H
2024-01-01,STL,UTA,2,4,A,1,1,D
2024-01-01,DAL,CHI,3,1,H,1,0,H
2024-01-01,WPG,COL,1,0,H,1,0,H
2024-01-01,LAK,VAN,2,4,A,1,1,D
2024-01-01,SJS,MIN,2,5,A,0,1,A
2024-01-01,TOR,DET,3,1,H,1,0,H
2024-01-01,WSH,PIT,2,4,A,1,2,A
2024-01-01,ANA,MIN,2,5,A,0,3,A
2024-01-01,SEA,VGK,4,3,H,1,2,A
2024-01-01,BUF,CGY,2,2,D,2,0,H
2024-01-01,FLA,PHI,3,3,D,0,1,A
2024-01-01,BOS,OTT,2,3,A,0,1,A
2024-01-01,TOR,MTL,4,1,H,1,0,H
2024-01-01,DET,NYR,0,4,A,0,1,A
2024-01-01,STL,WSH,1,8,A,1,1,D
2024-01-01,WPG,DAL,4,1,H,2,0,H
2024-01-01,NYI,NJD,3,4,A,1,0,H
2024-01-01,NSH,UTA,4,0,H,2,0,H
2024-01-01,COL,CAR,6,4,H,0,1,A
2024-01-01,LAK,CBJ,5,2,H,0,1,A
2024-01-01,VAN,EDM,3,7,A,0,1,A
2024-01-01,NJD,SJS,0,1,A,0,1,A
2024-01-01,CHI,MIN,2,1,H,1,0,H
2024-01-01,ANA,CBJ,4,2,H,1,1,D
2024-01-01,BUF,MTL,5,7,A,1,1,D
2024-01-01,PHI,SJS,3,3,D,2,0,H
2024-01-01,PIT,DAL,1,7,A,0,6,A
2024-01-01,CGY,LAK,3,1,H,0,0,D
2024-01-01,COL,NSH,3,2,H,0,1,A
2024-01-01,VGK,CAR,2,5,A,0,2,A
2024-01-01,TOR,OTT,0,3,A,0,1,A
2024-01-01,FLA,NJD,1,4,A,0,1,A
2024-01-01,NYR,WPG,3,6,A,1,1,D
2024-01-01,STL,BOS,2,3,A,0,0,D
2024-01-01,EDM,NYI,4,3,H,0,0,D
2024-01-01,VAN,CGY,3,1,H,0,1,A
2024-01-01,SEA,CBJ,5,2,H,0,2,A
2024-01-01,PIT,DET,2,3,A,0,0,D
2024-01-01,WSH,TOR,3,4,A,2,1,H
2024-01-01,UTA,CAR,4,1,H,1,0,H
2024-01-01,COL,LAK,4,2,H,1,2,A
2024-01-01,ANA,VGK,2,3,A,1,1,D
2024-01-01,BUF,STL,4,3,H,2,1,H
2024-01-01,OTT,PHI,4,5,A,1,1,D
2024-01-01,TBL,WPG,4,1,H,1,0,H
2024-01-01,FLA,NJD,2,6,A,1,2,A
2024-01-01,NYR,SJS,3,2,H,0,1,A
2024-01-01,DAL,BOS,6,2,H,1,1,D
2024-01-01,MIN,MTL,3,0,H,0,0,D
2024-01-01,EDM,NSH,3,2,H,0,1,A
2024-01-01,VAN,NYI,2,5,A,1,1,D
2024-01-01,SEA,CHI,3,1,H,0,0,D
2024-01-01,CBJ,PIT,6,2,H,2,1,H
2024-01-01,COL,WSH,2,5,A,1,2,A
2024-01-01,CGY,NSH,2,0,H,0,0,D
2024-01-01,UTA,VGK,2,4,A,1,0,H
2024-01-01,ANA,DET,6,4,H,1,2,A
2024-01-01,BOS,STL,2,3,A,2,1,H
2024-01-01,SEA,NYI,3,2,H,1,1,D
2024-01-01,TOR,EDM,4,3,H,1,1,D
2024-01-01,MTL,CBJ,5,1,H,1,0,H
2024-01-01,TBL,NJD,4,0,H,1,0,H
2024-01-01,FLA,WPG,5,0,H,1,0,H
2024-01-01,PHI,BUF,5,2,H,2,0,H
2024-01-01,PIT,SJS,3,3,D,2,0,H
2024-01-01,CAR,OTT,4,0,H,1,0,H
2024-01-01,MIN,DAL,1,2,A,0,1,A
2024-01-01,LAK,DET,4,1,H,2,0,H
2024-01-01,VAN,CHI,4,1,H,0,1,A
2024-01-01,CAR,STL,4,1,H,1,1,D
2024-01-01,VAN,NSH,3,5,A,1,1,D
2024-01-01,VGK,WSH,2,5,A,1,2,A
2024-01-01,SEA,NYR,0,2,A,0,0,D
2024-01-01,BOS,CBJ,1,5,A,0,3,A
2024-01-01,PHI,COL,2,3,A,0,0,D
2024-01-01,MTL,EDM,3,0,H,0,0,D
2024-01-01,DAL,ANA,2,4,A,0,2,A
2024-01-01,UTA,WSH,2,6,A,1,3,A
2024-01-01,SJS,DET,5,4,H,1,2,A
2024-01-01,OTT,EDM,2,5,A,1,3,A
2024-01-01,PIT,TBL,2,3,A,1,0,H
2024-01-01,STL,MIN,2,4,A,0,1,A
2024-01-01,WPG,FLA,6,3,H,2,0,H
2024-01-01,CHI,ANA,2,3,A,1,1,D
2024-01-01,CGY,NYI,1,1,D,0,0,D
2024-01-01,VAN,NYR,3,4,A,2,2,D
2024-01-01,TOR,VGK,3,0,H,1,0,H
2024-01-01,PHI,CAR,1,4,A,0,1,A
2024-01-01,DAL,SJS,5,2,H,1,1,D
2024-01-01,SEA,NSH,3,0,H,0,0,D
2024-01-01,LAK,BUF,0,1,A,0,0,D
2024-01-01,BOS,UTA,1,0,H,0,0,D
2024-01-01,OTT,VGK,2,3,A,0,1,A
2024-01-01,DET,NYI,2,1,H,0,1,A
2024-01-01,NJD,CAR,4,2,H,1,1,D
2024-01-01,WSH,COL,1,2,A,1,0,H
2024-01-01,CBJ,TBL,7,6,H,1,3,A
2024-01-01,STL,SJS,2,2,D,1,1,D
2024-01-01,CHI,FLA,3,1,H,1,0,H
2024-01-01,CGY,NYR,3,2,H,1,0,H
2024-01-01,EDM,MIN,3,5,A,1,1,D
2024-01-01,PIT,WPG,1,4,A,0,1,A
2024-01-01,ANA,BUF,2,3,A,1,0,H
2024-01-01,PHI,CHI,3,2,H,0,1,A
2024-01-01,CGY,MIN,3,3,D,1,1,D
2024-01-01,LAK,SEA,2,1,H,0,0,D
2024-01-01,FLA,COL,4,7,A,2,1,H
2024-01-01,MTL,VGK,2,6,A,0,0,D
2024-01-01,OTT,VAN,3,4,A,0,1,A
2024-01-01,DET,BOS,1,2,A,1,1,D
2024-01-01,TBL,DAL,2,4,A,2,2,D
2024-01-01,PIT,UTA,1,6,A,0,2,A
2024-01-01,WSH,NJD,2,3,A,1,1,D
2024-01-01,CBJ,CAR,4,4,D,2,1,H
2024-01-01,NSH,WPG,4,1,H,1,0,H
2024-01-01,NYI,STL,3,1,H,1,0,H
2024-01-01,SJS,BUF,2,4,A,1,1,D
2024-01-01,EDM,NYR,6,2,H,2,0,H
2024-01-01,TOR,UTA,3,2,H,0,1,A
2024-01-01,TBL,COL,8,2,H,5,1,H
2024-01-01,FLA,WSH,1,4,A,1,1,D
2024-01-01,NJD,NSH,5,2,H,1,1,D
2024-01-01,NYR,STL,2,5,A,1,1,D
2024-01-01,PHI,VGK,4,4,D,2,0,H
2024-01-01,CAR,DAL,6,4,H,1,2,A
2024-01-01,OTT,CGY,4,3,H,1,1,D
2024-01-01,NYI,DET,2,4,A,1,1,D
2024-01-01,MIN,WPG,1,4,A,1,1,D
2024-01-01,ANA,SEA,2,3,A,1,1,D
2024-01-01,SJS,LAK,7,2,H,1,0,H
2024-01-01,BOS,VAN,0,2,A,0,0,D
2024-01-01,MTL,UTA,2,3,A,0,0,D
2024-01-01,BUF,MIN,0,1,A,0,1,A
2024-01-01,NJD,STL,0,3,A,0,3,A
2024-01-01,CAR,NYR,4,3,H,1,1,D
2024-01-01,DET,CGY,2,1,H,1,0,H
2024-01-01,TBL,WSH,4,5,A,2,0,H
2024-01-01,FLA,TOR,5,1,H,2,0,H
2024-01-01,NYI,BOS,3,6,A,1,2,A
2024-01-01,PIT,VAN,5,4,H,4,1,H
2024-01-01,CBJ,MTL,3,4,A,1,1,D
2024-01-01,NSH,PHI,2,3,A,2,1,H
2024-01-01,CHI,DAL,6,2,H,2,0,H
2024-01-01,COL,VGK,1,1,D,0,0,D
2024-01-01,LAK,WPG,4,1,H,1,0,H
2024-01-01,SEA,ANA,2,5,A,1,2,A
2024-01-01,SJS,OTT,3,4,A,0,2,A
2024-01-01,PHI,NYR,3,1,H,2,0,H
2024-01-01,MIN,CHI,3,2,H,0,1,A
2024-01-01,BUF,VAN,3,4,A,1,0,H
2024-01-01,DET,NJD,4,5,A,2,2,D
2024-01-01,WSH,NYI,5,4,H,2,1,H
2024-01-01,CAR,FLA,3,6,A,1,3,A
2024-01-01,CBJ,CGY,5,2,H,2,0,H
2024-01-01,NSH,TBL,2,3,A,1,0,H
2024-01-01,ANA,LAK,1,2,A,0,0,D
2024-01-01,SJS,SEA,8,5,H,2,3,A
2024-01-01,BOS,PIT,1,2,A,1,0,H
2024-01-01,DAL,COL,5,3,H,2,1,H
2024-01-01,VGK,WPG,4,3,H,2,1,H
2024-01-01,UTA,EDM,3,4,A,2,0,H
2024-01-01,NYR,MTL,4,3,H,2,1,H
2024-01-01,FLA,CAR,6,0,H,0,0,D
2024-01-01,TBL,TOR,3,5,A,0,1,A
2024-01-01,NJD,WSH,5,6,A,1,1,D
2024-01-01,PIT,CGY,6,2,H,1,0,H
2024-01-01,STL,PHI,2,3,A,0,1,A
2024-01-01,LAK,OTT,5,2,H,1,1,D
2024-01-01,NYI,BUF,3,0,H,0,0,D
2024-01-01,MIN,NSH,3,2,H,1,1,D
2024-01-01,COL,EDM,1,4,A,1,1,D
2024-01-01,VGK,UTA,0,6,A,0,4,A
2024-01-01,SEA,SJS,2,4,A,0,1,A
2024-01-01,DET,VAN,4,5,A,1,0,H
2024-01-01,BOS,MTL,6,3,H,3,0,H
2024-01-01,CHI,CBJ,3,6,A,1,2,A
2024-01-01,DAL,WPG,3,1,H,1,1,D
2024-01-01,ANA,OTT,3,3,D,2,1,H
2024-01-01,NYR,NJD,1,5,A,0,2,A
2024-01-01,TOR,CHI,4,1,H,1,0,H
2024-01-01,UTA,DAL,1,2,A,0,0,D
2024-01-01,BOS,DET,3,2,H,1,1,D
2024-01-01,BUF,COL,4,5,A,4,0,H
2024-01-01,MTL,NYI,2,1,H,0,0,D
2024-01-01,PIT,FLA,5,4,H,2,1,H
2024-01-01,WSH,SJS,1,2,A,0,1,A
2024-01-01,CAR,SEA,2,4,A,1,1,D
2024-01-01,MIN,VAN,3,2,H,0,1,A
2024-01-01,WPG,STL,1,4,A,0,0,D
2024-01-01,CGY,CBJ,3,0,H,0,0,D
2024-01-01,VGK,EDM,1,0,H,1,0,H
2024-01-01,TOR,NSH,3,2,H,0,1,A
2024-01-01,CHI,BOS,2,4,A,1,1,D
2024-01-01,ANA,VGK,1,4,A,0,1,A
2024-01-01,LAK,DAL,3,2,H,0,2,A
2024-01-01,BUF,WPG,2,3,A,2,1,H
2024-01-01,MTL,NSH,3,0,H,1,0,H
2024-01-01,OTT,DET,2,1,H,1,0,H
2024-01-01,TBL,SJS,8,1,H,5,0,H
2024-01-01,PHI,FLA,5,7,A,0,2,A
2024-01-01,CAR,COL,5,3,H,1,1,D
2024-01-01,NYI,SEA,2,5,A,0,2,A
2024-01-01,CGY,STL,3,4,A,1,2,A
2024-01-01,EDM,CBJ,6,3,H,1,1,D
2024-01-01,TOR,WSH,1,3,A,0,0,D
2024-01-01,NJD,SEA,3,2,H,1,1,D
2024-01-01,NYR,PIT,4,2,H,0,0,D
2024-01-01,VAN,CBJ,5,2,H,0,2,A
2024-01-01,VGK,DAL,3,2,H,1,0,H
2024-01-01,ANA,MIN,1,5,A,0,0,D
2024-01-01,BOS,PHI,4,3,H,0,2,A
2024-01-01,BUF,UTA,2,5,A,1,0,H
2024-01-01,CHI,WPG,2,4,A,2,1,H
2024-01-01,NYI,CAR,4,3,H,0,1,A
2024-01-01,FLA,SJS,3,1,H,1,0,H
2024-01-01,MTL,WSH,2,4,A,2,0,H
2024-01-01,OTT,NSH,3,1,H,0,0,D
2024-01-01,DET,COL,1,2,A,0,1,A
2024-01-01,PIT,TOR,5,2,H,2,1,H
2024-01-01,LAK,MIN,4,1,H,1,0,H
2024-01-01,EDM,STL,4,2,H,1,0,H
2024-01-01,NYR,SEA,5,7,A,1,0,H
2024-01-01,VAN,TBL,2,4,A,1,0,H
2024-01-01,OTT,NYI,2,4,A,1,2,A
2024-01-01,WPG,CBJ,1,4,A,0,0,D
2024-01-01,NJD,COL,0,4,A,0,2,A
2024-01-01,PHI,UTA,2,4,A,0,0,D
2024-01-01,DAL,CGY,6,2,H,1,1,D
2024-01-01,BUF,DET,5,5,D,3,2,H
2024-01-01,NYR,CHI,1,2,A,1,1,D
2024-01-01,MTL,ANA,2,2,D,1,1,D
2024-01-01,NJD,TOR,1,2,A,0,0,D
2024-01-01,PIT,COL,2,6,A,0,2,A
2024-01-01,CAR,SJS,3,2,H,1,1,D
2024-01-01,CBJ,PHI,3,5,A,0,2,A
2024-01-01,NYI,LAK,1,3,A,0,1,A
2024-01-01,NSH,CGY,3,4,A,2,1,H
2024-01-01,WPG,BOS,8,1,H,2,0,H
2024-01-01,EDM,TBL,2,1,H,1,0,H
2024-01-01,UTA,MIN,4,4,D,1,0,H
2024-01-01,VAN,STL,3,4,A,1,2,A
2024-01-01,SEA,FLA,1,1,D,1,0,H
2024-01-01,BUF,NYR,2,3,A,0,1,A
2024-01-01,OTT,ANA,5,1,H,3,0,H
2024-01-01,TOR,ANA,3,2,H,2,1,H
2024-01-01,MTL,PIT,2,9,A,1,1,D
2024-01-01,NJD,LAK,3,1,H,0,0,D
2024-01-01,PHI,DET,4,1,H,0,0,D
2024-01-01,CBJ,WSH,1,2,A,0,0,D
2024-01-01,NYI,CHI,5,4,H,0,1,A
2024-01-01,STL,SJS,3,4,A,1,1,D
2024-01-01,DAL,NSH,1,4,A,0,0,D
2024-01-01,MIN,EDM,1,7,A,1,2,A
2024-01-01,WPG,VGK,2,3,A,1,0,H
2024-01-01,COL,UTA,1,4,A,0,1,A
2024-01-01,CGY,TBL,3,8,A,1,1,D
2024-01-01,VAN,FLA,4,0,H,2,0,H
2024-01-01,SEA,BOS,5,0,H,2,0,H
2024-01-01,CAR,OTT,0,3,A,0,0,D
2024-01-01,NJD,CHI,4,1,H,0,0,D
2024-01-01,NYR,LAK,1,5,A,0,2,A
2024-01-01,MIN,PHI,4,1,H,1,0,H
2024-01-01,EDM,VGK,6,3,H,1,0,H
2024-01-01,OTT,PIT,3,2,H,1,0,H
2024-01-01,DET,TOR,4,2,H,1,0,H
2024-01-01,WSH,BUF,4,2,H,1,1,D
2024-01-01,CBJ,ANA,3,4,A,2,1,H
2024-01-01,WPG,MTL,4,2,H,2,1,H
2024-01-01,DAL,STL,2,1,H,0,1,A
2024-01-01,COL,NSH,5,2,H,0,0,D
2024-01-01,CGY,FLA,3,0,H,1,0,H
2024-01-01,VAN,BOS,1,5,A,0,2,A
2024-01-01,SJS,UTA,3,4,A,1,1,D
2024-01-01,SEA,TBL,1,5,A,1,2,A
2024-01-01,CHI,NYI,5,3,H,2,1,H
2024-01-01,TOR,BUF,5,3,H,1,2,A
2024-01-01,CAR,CBJ,4,1,H,2,0,H
2024-01-01,STL,NYR,3,2,H,1,0,H
2024-01-01,MIN,VGK,2,3,A,1,1,D
2024-01-01,DAL,WSH,3,1,H,0,1,A
2024-01-01,EDM,FLA,5,6,A,1,2,A
2024-01-01,VAN,COL,3,1,H,1,0,H
2024-01-01,MTL,BUF,6,1,H,2,0,H
2024-01-01,TBL,CBJ,5,3,H,1,0,H
2024-01-01,PIT,LAK,3,2,H,0,1,A
2024-01-01,CAR,NYI,4,0,H,2,0,H
2024-01-01,STL,NJD,1,4,A,0,1,A
2024-01-01,NSH,NYR,2,0,H,1,0,H
2024-01-01,CHI,WSH,3,2,H,0,2,A
2024-01-01,CGY,BOS,3,4,A,0,0,D
2024-01-01,SEA,OTT,0,3,A,0,0,D
2024-01-01,SJS,WPG,3,4,A,0,1,A
2024-01-01,DET,PHI,6,4,H,1,1,D
2024-01-01,DAL,TOR,3,5,A,1,1,D
2024-01-01,MIN,FLA,1,6,A,1,2,A
2024-01-01,UTA,VAN,3,2,H,0,0,D
2024-01-01,ANA,WPG,3,2,H,0,0,D
2024-01-01,TBL,STL,3,1,H,1,0,H
2024-01-01,PHI,LAK,3,7,A,1,1,D
2024-01-01,CBJ,NJD,4,2,H,1,0,H
2024-01-01,NSH,PIT,4,5,A,2,1,H
2024-01-01,CHI,SEA,3,1,H,0,0,D
2024-01-01,CGY,OTT,2,3,A,1,1,D
2024-01-01,EDM,BOS,3,2,H,0,2,A
2024-01-01,VGK,VAN,3,1,H,0,1,A
2024-01-01,SJS,COL,2,4,A,0,1,A
2024-01-01,BUF,TOR,3,6,A,0,2,A
2024-01-01,DET,MTL,3,4,A,2,2,D
2024-01-01,FLA,STL,2,1,H,0,1,A
2024-01-01,WSH,CAR,3,1,H,1,0,H
2024-01-01,DAL,NYR,1,3,A,1,2,A
2024-01-01,MIN,UTA,1,2,A,1,1,D
2024-01-01,ANA,COL,2,4,A,0,0,D
2024-01-01,NSH,LAK,3,2,H,1,0,H
2024-01-01,CGY,CHI,6,4,H,2,0,H
2024-01-01,EDM,SJS,3,2,H,1,2,A
2024-01-01,BOS,BUF,3,1,H,1,0,H
2024-01-01,TOR,NYI,3,6,A,1,3,A
2024-01-01,MTL,DET,5,1,H,3,1,H
2024-01-01,NJD,PIT,3,0,H,0,0,D
2024-01-01,PHI,CBJ,5,4,H,0,1,A
2024-01-01,WPG,MIN,5,0,H,2,0,H
2024-01-01,VAN,OTT,4,5,A,2,2,D
2024-01-01,VGK,SEA,6,2,H,3,1,H
2024-01-01,NYR,CAR,1,3,A,1,0,H
2024-01-01,TBL,FLA,2,4,A,1,1,D
2024-01-01,WSH,LAK,3,1,H,1,0,H
2024-01-01,UTA,ANA,4,4,D,2,1,H
2024-01-01,COL,SEA,5,2,H,1,1,D
2024-01-01,EDM,OTT,3,1,H,1,0,H
2024-01-01,NJD,NYR,5,0,H,1,0,H
2024-01-01,TOR,WPG,2,5,A,0,1,A
2024-01-01,BOS,WSH,4,1,H,1,0,H
2024-01-01,DET,STL,0,4,A,0,1,A
2024-01-01,FLA,TBL,0,4,A,0,3,A
2024-01-01,PIT,PHI,7,3,H,4,1,H
2024-01-01,CBJ,MTL,5,4,H,2,0,H
2024-01-01,NYI,BUF,1,7,A,0,2,A
2024-01-01,NSH,CAR,5,2,H,1,0,H
2024-01-01,MIN,CHI,4,3,H,1,1,D
2024-01-01,VAN,SJS,4,3,H,1,1,D
2024-01-01,UTA,DAL,2,3,A,1,1,D
2024-01-01,VGK,ANA,3,1,H,1,0,H
2024-01-01,BUF,CHI,6,2,H,4,0,H
2024-01-01,DET,TOR,2,5,A,0,3,A
2024-01-01,NJD,CAR,4,2,H,2,1,H
2024-01-01,CBJ,BOS,6,2,H,1,1,D
2024-01-01,STL,NSH,7,4,H,4,2,H
2024-01-01,DAL,MIN,2,3,A,1,0,H
2024-01-01,UTA,COL,1,4,A,0,0,D
2024-01-01,SJS,VGK,3,6,A,1,1,D
2024-01-01,FLA,MTL,0,4,A,0,0,D
2024-01-01,VAN,SEA,4,5,A,1,0,H
2024-01-01,ANA,PHI,1,3,A,0,0,D
2024-01-01,LAK,EDM,4,3,H,2,1,H
2024-01-01,BOS,CBJ,4,0,H,1,0,H
2024-01-01,TOR,WSH,2,5,A,1,2,A
2024-01-01,TBL,NYR,6,2,H,2,1,H
2024-01-01,CAR,NJD,5,2,H,0,0,D
2024-01-01,WPG,OTT,4,2,H,0,1,A
2024-01-01,NYI,PIT,6,3,H,1,1,D
2024-01-01,SJS,CGY,1,3,A,0,1,A
2024-01-01,CHI,DAL,1,5,A,1,1,D
2024-01-01,ANA,EDM,5,3,H,1,2,A
2024-01-01,DET,WSH,4,2,H,4,1,H
2024-01-01,TBL,MTL,2,5,A,0,1,A
2024-01-01,PIT,NYI,3,2,H,1,0,H
2024-01-01,STL,BUF,2,4,A,1,2,A
2024-01-01,MIN,OTT,1,3,A,1,0,H
2024-01-01,VGK,CGY,3,0,H,0,0,D
2024-01-01,LAK,PHI,5,4,H,2,2,D
2024-01-01,FLA,NYR,5,3,H,2,0,H
2024-01-01,WPG,NSH,3,0,H,0,0,D
2024-01-01,SEA,UTA,5,2,H,2,1,H
2024-01-01,WSH,BOS,3,1,H,2,1,H
2024-01-01,TOR,NYI,3,1,H,1,0,H
2024-01-01,VGK,MTL,2,3,A,2,0,H
2024-01-01,CHI,STL,2,6,A,1,2,A
2024-01-01,DET,PIT,4,2,H,1,1,D
2024-01-01,CBJ,CAR,3,3,D,2,1,H
2024-01-01,DAL,BUF,4,2,H,0,0,D
2024-01-01,MIN,NSH,5,3,H,1,2,A
2024-01-01,COL,WPG,5,2,H,1,0,H
2024-01-01,ANA,NJD,3,2,H,1,0,H
2024-01-01,SJS,PHI,0,4,A,0,1,A
2024-01-01,CGY,VAN,3,1,H,1,0,H
2024-01-01,EDM,UTA,4,1,H,1,1,D
2024-01-01,LAK,NJD,3,0,H,0,0,D
2024-01-01,FLA,CAR,1,3,A,0,1,A
2024-01-01,NYR,BOS,2,1,H,2,0,H
2024-01-01,WSH,MIN,3,3,D,1,2,A
2024-01-01,CBJ,DET,4,5,A,1,3,A
2024-01-01,NYI,TOR,1,2,A,0,0,D
2024-01-01,DAL,OTT,4,2,H,1,2,A
2024-01-01,WPG,ANA,3,4,A,2,1,H
2024-01-01,COL,BUF,6,5,H,0,2,A
2024-01-01,CGY,UTA,3,5,A,1,1,D
2024-01-01,VGK,PHI,5,2,H,0,1,A
2024-01-01,SEA,VAN,3,3,D,1,1,D
2024-01-01,SJS,TBL,2,1,H,1,0,H
2024-01-01,FLA,PIT,2,2,D,0,0,D
2024-01-01,CHI,MTL,4,2,H,1,1,D
2024-01-01,STL,OTT,4,0,H,2,0,H
2024-01-01,EDM,ANA,3,2,H,1,0,H
2024-01-01,VAN,NSH,0,3,A,0,0,D
2024-01-01,WSH,NYR,7,4,H,1,1,D
2024-01-01,WPG,DET,2,4,A,0,1,A
2024-01-01,SJS,NJD,3,2,H,1,0,H
2024-01-01,TOR,BOS,6,4,H,1,0,H
2024-01-01,CAR,MIN,0,4,A,0,1,A
2024-01-01,CBJ,STL,6,4,H,1,0,H
2024-01-01,COL,MTL,1,1,D,1,0,H
2024-01-01,CGY,NSH,1,4,A,0,0,D
2024-01-01,DAL,UTA,3,2,H,0,0,D
2024-01-01,LAK,TBL,2,1,H,1,1,D
2024-01-01,VGK,BUF,3,1,H,2,0,H
2024-01-01,SEA,EDM,2,4,A,0,2,A
2024-01-01,CHI,NYR,2,6,A,1,2,A
2024-01-01,BOS,NYI,4,5,A,1,2,A
2024-01-01,CAR,PIT,4,3,H,0,2,A
2024-01-01,TOR,PHI,3,2,H,2,1,H
2024-01-01,ANA,TBL,4,1,H,2,0,H
2024-01-01,BUF,WSH,3,3,D,1,1,D
2024-01-01,MTL,VAN,5,4,H,1,1,D
2024-01-01,COL,FLA,3,1,H,0,1,A
2024-01-01,SEA,NJD,2,3,A,1,1,D
2024-01-01,BOS,EDM,0,4,A,0,1,A
2024-01-01,DET,OTT,3,2,H,1,0,H
2024-01-01,NYR,DAL,4,5,A,3,2,H
2024-01-01,PHI,TOR,2,3,A,1,0,H
2024-01-01,PIT,CBJ,3,3,D,0,1,A
2024-01-01,MIN,STL,6,4,H,2,1,H
2024-01-01,WPG,NSH,5,2,H,3,0,H
2024-01-01,ANA,CGY,2,3,A,0,1,A
2024-01-01,SJS,VGK,2,4,A,0,2,A
2024-01-01,WSH,VAN,2,1,H,1,0,H
2024-01-01,CHI,COL,3,1,H,1,1,D
2024-01-01,UTA,FLA,1,4,A,0,0,D
2024-01-01,LAK,CGY,1,5,A,0,0,D
2024-01-01,OTT,BUF,0,4,A,0,2,A
2024-01-01,TBL,BOS,4,1,H,0,0,D
2024-01-01,NYR,NJD,3,2,H,1,0,H
2024-01-01,PHI,DAL,1,4,A,0,2,A
2024-01-01,PIT,EDM,5,3,H,4,1,H
2024-01-01,CAR,TOR,6,3,H,2,2,D
2024-01-01,CBJ,SEA,6,2,H,1,1,D
2024-01-01,STL,ANA,6,2,H,4,1,H
2024-01-01,MIN,COL,1,6,A,1,2,A
2024-01-01,VGK,NYI,0,4,A,0,1,A
2024-01-01,DET,CHI,5,3,H,1,1,D
2024-01-01,WSH,MTL,2,3,A,1,0,H
2024-01-01,CAR,VAN,2,0,H,1,0,H
2024-01-01,WPG,LAK,1,2,A,0,0,D
2024-01-01,UTA,SJS,2,1,H,0,1,A
2024-01-01,FLA,BOS,3,4,A,1,1,D
2024-01-01,BUF,SEA,2,6,A,2,0,H
2024-01-01,PIT,OTT,0,5,A,0,3,A
2024-01-01,TOR,VAN,0,3,A,0,1,A
2024-01-01,MTL,DAL,1,1,D,0,0,D
2024-01-01,NJD,TBL,3,2,H,1,1,D
2024-01-01,PHI,ANA,6,0,H,2,0,H
2024-01-01,CHI,EDM,3,4,A,2,0,H
2024-01-01,STL,CBJ,1,2,A,0,1,A
2024-01-01,WPG,COL,3,0,H,1,0,H
2024-01-01,NSH,WSH,1,4,A,0,0,D
2024-01-01,UTA,NYI,1,2,A,0,0,D
2024-01-01,CGY,LAK,2,1,H,0,1,A
2024-01-01,VGK,NYR,1,2,A,0,0,D
2024-01-01,SJS,MIN,1,3,A,0,1,A
2024-01-01,DET,SEA,6,2,H,4,0,H
2024-01-01,OTT,DAL,3,2,H,0,1,A
2024-01-01,PIT,TBL,2,5,A,1,0,H
2024-01-01,CAR,ANA,2,3,A,0,1,A
2024-01-01,VGK,MIN,4,1,H,0,1,A
2024-01-01,PHI,FLA,4,3,H,0,2,A
2024-01-01,CHI,CGY,2,5,A,1,3,A
2024-01-01,EDM,LAK,1,0,H,0,0,D
2024-01-01,BOS,TBL,6,2,H,2,0,H
2024-01-01,TOR,DAL,1,4,A,1,1,D
2024-01-01,DET,SJS,3,6,A,0,2,A
2024-01-01,NJD,FLA,1,1,D,0,0,D
2024-01-01,PIT,SEA,2,4,A,1,1,D
2024-01-01,WSH,ANA,3,0,H,2,0,H
2024-01-01,CBJ,PHI,2,2,D,1,1,D
2024-01-01,NYI,OTT,0,2,A,0,0,D
2024-01-01,STL,CGY,2,1,H,1,0,H
2024-01-01,NSH,VGK,5,3,H,2,0,H
2024-01-01,WPG,VAN,6,1,H,3,0,H
2024-01-01,COL,NYR,3,2,H,1,1,D
2024-01-01,UTA,MTL,3,5,A,2,1,H
2024-01-01,BUF,CAR,4,2,H,1,0,H
2024-01-01,MIN,EDM,3,5,A,2,2,D
2024-01-01,TOR,NJD,4,3,H,0,1,A
2024-01-01,OTT,WSH,0,1,A,0,0,D
2024-01-01,TBL,ANA,3,3,D,1,1,D
2024-01-01,FLA,DET,2,5,A,1,1,D
2024-01-01,CBJ,SJS,4,1,H,2,0,H
2024-01-01,NYI,PHI,3,5,A,1,0,H
2024-01-01,STL,CGY,4,1,H,3,0,H
2024-01-01,NSH,CHI,2,2,D,1,0,H
2024-01-01,DAL,MTL,1,3,A,1,1,D
2024-01-01,WPG,SEA,2,1,H,0,1,A
2024-01-01,UTA,NYR,3,5,A,2,2,D
2024-01-01,COL,EDM,3,4,A,3,1,H
2024-01-01,VAN,LAK,1,5,A,0,3,A
2024-01-01,BUF,PIT,2,5,A,1,0,H
2024-01-01,CAR,VGK,3,2,H,0,0,D
2024-01-01,NJD,PHI,1,3,A,1,0,H
2024-01-01,OTT,BOS,5,5,D,2,2,D
2024-01-01,COL,DAL,6,3,H,1,1,D
2024-01-01,FLA,ANA,3,0,H,0,0,D
2024-01-01,MTL,TOR,3,7,A,3,0,H
2024-01-01,TBL,DET,5,1,H,1,0,H
2024-01-01,NYR,CBJ,0,0,D,0,0,D
2024-01-01,WSH,PIT,4,1,H,1,0,H
2024-01-01,WPG,CGY,1,3,A,0,1,A
2024-01-01,NYI,SJS,4,1,H,0,0,D
2024-01-01,CHI,VGK,5,3,H,3,1,H
2024-01-01,NSH,MIN,6,2,H,2,1,H
2024-01-01,UTA,STL,4,2,H,3,1,H
2024-01-01,VAN,EDM,3,2,H,3,0,H
2024-01-01,SEA,LAK,4,2,H,2,2,D
2024-01-01,NJD,OTT,1,2,A,0,0,D
2024-01-01,MTL,NYR,5,4,H,1,2,A
2024-01-01,DAL,DET,4,1,H,3,0,H
2024-01-01,BOS,SJS,6,3,H,1,1,D
2024-01-01,COL,MIN,1,3,A,0,1,A
2024-01-01,SEA,BUF,6,4,H,2,1,H
2024-01-01,VGK,STL,4,4,D,1,2,A
2024-01-01,TOR,TBL,5,3,H,1,0,H
2024-01-01,NYI,CBJ,3,1,H,0,1,A
2024-01-01,CHI,CAR,3,4,A,2,0,H
2024-01-01,UTA,WPG,5,2,H,0,0,D
2024-01-01,LAK,PIT,1,5,A,0,2,A
2024-01-01,MTL,TBL,3,2,H,0,1,A
2024-01-01,NYR,OTT,5,0,H,1,0,H
2024-01-01,PHI,DET,2,1,H,0,0,D
2024-01-01,NSH,SJS,7,5,H,1,4,A
2024-01-01,DAL,CAR,1,2,A,0,0,D
2024-01-01,EDM,WSH,2,3,A,1,1,D
2024-01-01,VAN,BUF,2,3,A,0,1,A
2024-01-01,ANA,FLA,2,5,A,2,3,A
2024-01-01,TOR,CBJ,1,5,A,0,1,A
2024-01-01,NJD,BOS,5,1,H,0,1,A
2024-01-01,COL,WPG,2,3,A,0,0,D
2024-01-01,LAK,FLA,2,1,H,0,0,D
2024-01-01,BOS,OTT,2,0,H,0,0,D
2024-01-01,DET,MTL,4,2,H,2,0,H
2024-01-01,NYR,PHI,6,1,H,2,1,H
2024-01-01,CAR,CBJ,7,4,H,0,2,A
2024-01-01,STL,VGK,2,4,A,1,2,A
2024-01-01,MIN,UTA,0,4,A,0,2,A
2024-01-01,CGY,BUF,5,2,H,1,0,H
2024-01-01,EDM,VAN,6,2,H,3,0,H
2024-01-01,ANA,PIT,5,1,H,2,0,H
2024-01-01,SEA,WSH,0,3,A,0,0,D
2024-01-01,SJS,NSH,5,6,A,2,3,A
2024-01-01,NYI,PHI,3,1,H,2,1,H
2024-01-01,CHI,TBL,3,4,A,2,1,H
2024-01-01,DAL,VGK,4,3,H,1,1,D
2024-01-01,WPG,UTA,5,2,H,1,0,H
2024-01-01,BOS,COL,3,1,H,0,0,D
2024-01-01,EDM,BUF,3,2,H,1,1,D
2024-01-01,SEA,PIT,4,1,H,0,0,D
2024-01-01,MTL,NJD,3,4,A,0,2,A
2024-01-01,OTT,TOR,2,1,H,1,1,D
2024-01-01,DET,TBL,2,0,H,0,0,D
2024-01-01,CBJ,LAK,3,2,H,1,1,D
2024-01-01,STL,DAL,0,2,A,0,2,A
2024-01-01,MIN,CGY,4,5,A,1,1,D
2024-01-01,NYI,CAR,3,2,H,1,2,A
2024-01-01,VAN,WSH,2,1,H,1,0,H
2024-01-01,ANA,NSH,5,2,H,2,1,H
2024-01-01,SJS,FLA,2,7,A,2,3,A
2024-01-01,NYR,COL,4,5,A,2,3,A
2024-01-01,OTT,UTA,3,1,H,0,0,D
2024-01-01,WPG,CGY,5,2,H,1,0,H
2024-01-01,CHI,MIN,2,4,A,0,2,A
2024-01-01,VGK,FLA,4,1,H,1,0,H
2024-01-01,DET,LAK,5,2,H,1,2,A
2024-01-01,PHI,NJD,4,2,H,2,0,H
2024-01-01,STL,VAN,2,5,A,0,2,A
2024-01-01,EDM,SEA,4,2,H,1,2,A
2024-01-01,SJS,PIT,2,1,H,0,0,D
2024-01-01,BUF,BOS,7,2,H,1,1,D
2024-01-01,MTL,WPG,1,4,A,1,1,D
2024-01-01,TBL,CHI,1,4,A,1,0,H
2024-01-01,NYR,CAR,0,4,A,0,1,A
2024-01-01,NYI,COL,5,2,H,0,0,D
2024-01-01,CGY,WSH,1,3,A,0,1,A
2024-01-01,VGK,DAL,3,4,A,2,1,H
2024-01-01,SEA,ANA,4,6,A,3,2,H
2024-01-01,TOR,MIN,1,3,A,0,2,A
2024-01-01,FLA,LAK,3,0,H,1,0,H
2024-01-01,NJD,PHI,5,0,H,0,0,D
2024-01-01,NSH,VAN,1,3,A,1,1,D
2024-01-01,UTA,PIT,2,3,A,1,0,H
2024-01-01,BOS,WPG,2,6,A,1,2,A
2024-01-01,MTL,MIN,0,4,A,0,0,D
2024-01-01,OTT,WSH,4,4,D,0,0,D
2024-01-01,TBL,LAK,3,0,H,1,0,H
2024-01-01,PHI,NYI,0,3,A,0,0,D
2024-01-01,CAR,CHI,3,2,H,1,1,D
2024-01-01,CGY,ANA,4,1,H,0,1,A
2024-01-01,EDM,DET,2,2,D,2,0,H
2024-01-01,VGK,CBJ,1,2,A,1,1,D
2024-01-01,SEA,SJS,6,2,H,1,1,D
2024-01-01,BUF,NSH,4,3,H,2,2,D
2024-01-01,DAL,VAN,5,3,H,1,0,H
2024-01-01,COL,STL,5,0,H,4,0,H
2024-01-01,UTA,CBJ,2,3,A,0,0,D
2024-01-01,FLA,CHI,5,1,H,2,1,H
2024-01-01,BOS,NYR,6,3,H,2,1,H
2024-01-01,OTT,MIN,6,0,H,1,0,H
2024-01-01,TBL,NYI,2,3,A,0,0,D
2024-01-01,PIT,NSH,3,0,H,1,0,H
2024-01-01,WSH,WPG,4,5,A,0,2,A
2024-01-01,CAR,LAK,2,4,A,1,1,D
2024-01-01,EDM,TOR,3,4,A,0,3,A
2024-01-01,CGY,DET,1,3,A,0,2,A
2024-01-01,BUF,NJD,4,3,H,3,0,H
2024-01-01,COL,PHI,2,0,H,0,0,D
2024-01-01,ANA,MTL,3,2,H,0,2,A
2024-01-01,FLA,NYI,6,3,H,2,0,H
2024-01-01,NYR,VGK,4,2,H,0,1,A
2024-01-01,DAL,CBJ,5,3,H,1,1,D
2024-01-01,UTA,STL,1,2,A,0,1,A
2024-01-01,VAN,DET,2,3,A,1,1,D
2024-01-01,SEA,CGY,2,3,A,0,3,A
2024-01-01,NSH,OTT,2,5,A,0,0,D
2024-01-01,BOS,MIN,3,0,H,0,0,D
2024-01-01,BUF,CBJ,3,2,H,1,0,H
2024-01-01,TBL,OTT,4,3,H,0,1,A
2024-01-01,PIT,NJD,2,2,D,0,1,A
2024-01-01,WSH,FLA,6,3,H,1,1,D
2024-01-01,NYI,VGK,2,1,H,1,0,H
2024-01-01,STL,EDM,2,3,A,0,0,D
2024-01-01,WPG,CAR,3,0,H,1,0,H
2024-01-01,CGY,TOR,3,6,A,1,0,H
2024-01-01,UTA,PHI,3,2,H,0,1,A
2024-01-01,VAN,COL,3,0,H,0,0,D
2024-01-01,ANA,DAL,2,1,H,1,0,H
2024-01-01,SEA,DET,4,4,D,1,2,A
2024-01-01,SJS,MTL,3,4,A,1,0,H
2024-01-01,NYR,BOS,3,2,H,0,0,D
2024-01-01,CHI,EDM,3,4,A,0,0,D
2024-01-01,LAK,MTL,5,3,H,1,0,H
2024-01-01,TBL,OTT,5,1,H,1,0,H
2024-01-01,NJD,VGK,1,3,A,0,0,D
2024-01-01,PHI,WSH,3,4,A,1,1,D
2024-01-01,CBJ,UTA,2,3,A,1,0,H
2024-01-01,STL,FLA,2,3,A,1,2,A
2024-01-01,MIN,CAR,2,1,H,1,0,H
2024-01-01,CGY,COL,2,4,A,1,0,H
2024-01-01,SEA,TOR,1,3,A,0,2,A
2024-01-01,SJS,VAN,1,1,D,0,0,D
2024-01-01,NYR,PIT,2,3,A,1,0,H
2024-01-01,WPG,NYI,4,3,H,1,2,A
2024-01-01,CHI,NSH,6,2,H,2,1,H
2024-01-01,EDM,COL,4,5,A,2,3,A
2024-01-01,LAK,DAL,4,4,D,1,1,D
2024-01-01,MTL,NJD,0,4,A,0,1,A
2024-01-01,DET,TBL,3,6,A,2,4,A
2024-01-01,CAR,UTA,7,3,H,1,1,D
2024-01-01,BOS,VGK,3,4,A,2,1,H
2024-01-01,FLA,OTT,5,1,H,0,1,A
2024-01-01,PHI,PIT,3,2,H,1,0,H
2024-01-01,CBJ,NYR,3,4,A,2,1,H
2024-01-01,STL,CHI,5,5,D,0,2,A
2024-01-01,VAN,TOR,2,1,H,1,0,H
2024-01-01,NSH,BUF,6,4,H,2,2,D
2024-01-01,MIN,NYI,6,3,H,1,1,D
2024-01-01,CGY,SEA,2,3,A,0,0,D
2024-01-01,LAK,ANA,1,1,D,0,0,D
2024-01-01,SJS,DAL,3,8,A,2,3,A
2024-01-01,WSH,UTA,4,4,D,2,3,A
2024-01-01,MTL,TBL,3,5,A,1,2,A
2024-01-01,PHI,EDM,6,3,H,1,2,A
2024-01-01,PIT,WSH,3,8,A,1,1,D
2024-01-01,DET,MIN,3,4,A,1,0,H
2024-01-01,BUF,NYR,8,2,H,5,0,H
2024-01-01,FLA,SEA,1,2,A,0,1,A
2024-01-01,NJD,DAL,2,4,A,0,2,A
2024-01-01,NSH,COL,2,1,H,0,0,D
2024-01-01,BOS,ANA,2,3,A,0,2,A
2024-01-01,TOR,CAR,6,3,H,4,0,H
2024-01-01,OTT,MTL,2,5,A,2,3,A
2024-01-01,CBJ,CHI,5,1,H,1,0,H
2024-01-01,STL,WPG,3,3,D,1,1,D
2024-01-01,LAK,UTA,5,3,H,1,1,D
2024-01-01,VGK,VAN,3,1,H,0,0,D
2024-01-01,WSH,EDM,7,3,H,2,1,H
2024-01-01,PIT,NYR,3,5,A,1,1,D
2024-01-01,DET,ANA,5,4,H,3,1,H
2024-01-01,TBL,SEA,4,1,H,0,0,D
2024-01-01,STL,COL,3,1,H,0,1,A
2024-01-01,NSH,NJD,0,5,A,0,1,A
2024-01-01,CHI,TOR,2,5,A,1,0,H
2024-01-01,NYI,DAL,3,4,A,0,1,A
2024-01-01,CGY,SJS,3,2,H,1,1,D
2024-01-01,UTA,VAN,2,1,H,0,0,D
2024-01-01,WPG,SJS,2,1,H,0,1,A
2024-01-01,LAK,VGK,5,2,H,1,0,H
2024-01-01,BOS,TOR,4,5,A,2,0,H
2024-01-01,BUF,ANA,3,2,H,0,1,A
2024-01-01,MTL,CAR,4,0,H,2,0,H
2024-01-01,TBL,EDM,4,1,H,1,1,D
2024-01-01,PHI,PIT,6,1,H,2,0,H
2024-01-01,WSH,CGY,1,3,A,0,2,A
2024-01-01,CBJ,DAL,6,4,H,2,1,H
2024-01-01,NYI,NYR,1,5,A,1,3,A
2024-01-01,STL,SEA,7,2,H,2,0,H
2024-01-01,NSH,FLA,1,4,A,0,1,A
2024-01-01,MIN,DET,2,3,A,2,0,H
2024-01-01,UTA,CHI,2,1,H,0,1,A
2024-01-01,OTT,WPG,1,4,A,0,2,A
2024-01-01,COL,NJD,5,1,H,1,0,H
2024-01-01,LAK,VAN,2,3,A,0,1,A
2024-01-01,BOS,NYI,1,2,A,0,1,A
2024-01-01,MTL,SJS,4,3,H,2,2,D
2024-01-01,DET,CBJ,2,5,A,0,0,D
2024-01-01,TBL,CGY,3,0,H,1,0,H
2024-01-01,FLA,EDM,4,3,H,1,1,D
2024-01-01,PIT,PHI,5,4,H,0,1,A
2024-01-01,WSH,STL,2,5,A,1,2,A
2024-01-01,CAR,BUF,5,2,H,3,1,H
2024-01-01,NSH,WPG,2,1,H,2,1,H
2024-01-01,UTA,MIN,6,1,H,2,0,H
2024-01-01,VGK,CHI,7,5,H,5,1,H
2024-01-01,ANA,VAN,5,2,H,0,2,A
2024-01-01,NYR,TOR,2,3,A,1,1,D
2024-01-01,DAL,LAK,6,2,H,3,1,H
2024-01-01,COL,MIN,5,2,H,1,2,A
2024-01-01,CBJ,DET,5,3,H,0,0,D
2024-01-01,NYI,NSH,7,4,H,3,0,H
2024-01-01,WSH,TBL,1,3,A,0,1,A
2024-01-01,FLA,CGY,3,0,H,0,0,D
2024-01-01,PIT,BOS,2,3,A,0,2,A
2024-01-01,BUF,MTL,2,4,A,0,0,D
2024-01-01,OTT,SJS,5,3,H,1,0,H
2024-01-01,CAR,EDM,1,3,A,0,1,A
2024-01-01,WPG,PHI,1,1,D,1,0,H
2024-01-01,STL,LAK,4,1,H,2,1,H
2024-01-01,UTA,NJD,1,3,A,0,1,A
2024-01-01,ANA,CHI,3,6,A,0,0,D
2024-01-01,SEA,VAN,6,3,H,1,2,A
2024-01-01,PIT,TOR,5,6,A,3,2,H
2024-01-01,MIN,BOS,1,0,H,0,0,D
2024-01-01,CAR,CGY,2,1,H,0,0,D
2024-01-01,DAL,STL,6,3,H,3,2,H
2024-01-01,NYR,NSH,4,0,H,1,0,H
2024-01-01,VGK,NJD,2,0,H,0,0,D
2024-01-01,WSH,OTT,4,4,D,2,0,H
2024-01-01,MTL,BUF,4,3,H,3,0,H
2024-01-01,FLA,TBL,2,1,H,0,0,D
2024-01-01,NYR,NYI,4,0,H,2,0,H
2024-01-01,TOR,SJS,2,2,D,0,0,D
2024-01-01,CHI,LAK,5,1,H,1,1,D
2024-01-01,BOS,NSH,3,6,A,1,2,A
2024-01-01,BUF,SJS,2,6,A,0,0,D
2024-01-01,DET,CAR,1,2,A,0,1,A
2024-01-01,TBL,CBJ,6,2,H,2,1,H
2024-01-01,PHI,CGY,3,6,A,2,4,A
2024-01-01,NYI,WPG,3,2,H,1,0,H
2024-01-01,DAL,NJD,4,3,H,1,0,H
2024-01-01,COL,PIT,4,1,H,0,0,D
2024-01-01,EDM,ANA,2,6,A,1,4,A
2024-01-01,SEA,MIN,3,4,A,1,2,A
2024-01-01,NYR,WSH,2,3,A,1,1,D
2024-01-01,CHI,OTT,3,4,A,2,2,D
2024-01-01,VGK,TOR,5,2,H,3,0,H
2024-01-01,VAN,ANA,3,2,H,0,1,A
2024-01-01,LAK,STL,2,2,D,1,1,D
2024-01-01,DET,UTA,2,4,A,2,1,H
2024-01-01,TBL,BUF,6,5,H,2,3,A
2024-01-01,FLA,CBJ,3,0,H,1,0,H
2024-01-01,PHI,WPG,1,4,A,0,2,A
2024-01-01,CAR,BOS,3,2,H,1,1,D
2024-01-01,NSH,SEA,5,3,H,1,1,D
2024-01-01,DAL,CGY,3,2,H,0,1,A
2024-01-01,EDM,MTL,3,2,H,1,1,D
2024-01-01,COL,SJS,7,3,H,3,1,H
2024-01-01,NJD,WPG,1,6,A,0,1,A
2024-01-01,WSH,DET,5,2,H,1,2,A
2024-01-01,CHI,UTA,3,3,D,0,1,A
2024-01-01,VAN,MIN,3,1,H,1,0,H
2024-01-01,VGK,PIT,4,0,H,1,0,H
2024-01-01,ANA,STL,3,4,A,1,1,D
2024-01-01,OTT,NYR,4,3,H,0,1,A
2024-01-01,PHI,SEA,1,4,A,1,0,H
2024-01-01,TBL,BOS,0,4,A,0,0,D
2024-01-01,FLA,BUF,4,0,H,1,0,H
2024-01-01,COL,TOR,7,4,H,2,3,A
2024-01-01,CGY,MTL,1,0,H,0,0,D
2024-01-01,NSH,CHI,3,2,H,0,0,D
2024-01-01,LAK,STL,2,1,H,1,0,H
2024-01-01,EDM,DAL,5,4,H,3,1,H
2024-01-01,SJS,NYI,2,4,A,0,2,A
2024-01-01,PHI,NJD,1,3,A,0,1,A
2024-01-01,WSH,SEA,4,2,H,0,1,A
2024-01-01,MIN,PIT,1,3,A,0,0,D
2024-01-01,CAR,WPG,4,2,H,1,0,H
2024-01-01,NYR,CBJ,3,7,A,1,1,D
2024-01-01,VGK,LAK,5,6,A,0,2,A
2024-01-01,VAN,DAL,1,4,A,0,0,D
2024-01-01,ANA,NYI,4,1,H,1,0,H
2024-01-01,BUF,EDM,3,2,H,1,0,H
2024-01-01,OTT,DET,2,1,H,0,0,D
2024-01-01,COL,CHI,3,0,H,0,0,D
2024-01-01,UTA,TOR,3,3,D,0,2,A
2024-01-01,BOS,FLA,3,2,H,0,1,A
2024-01-01,NJD,CBJ,5,3,H,3,0,H
2024-01-01,PHI,OTT,2,5,A,0,1,A
2024-01-01,PIT,VGK,3,2,H,1,0,H
2024-01-01,CAR,TBL,4,1,H,1,0,H
2024-01-01,MIN,COL,1,1,D,0,0,D
2024-01-01,WPG,NYR,2,1,H,1,1,D
2024-01-01,VAN,MTL,2,4,A,0,2,A
2024-01-01,ANA,WSH,4,7,A,2,2,D
2024-01-01,LAK,NYI,4,1,H,1,0,H
2024-01-01,SJS,NSH,2,3,A,0,0,D
2024-01-01,DET,BUF,7,3,H,3,2,H
2024-01-01,CGY,VAN,3,3,D,1,1,D
2024-01-01,UTA,ANA,3,2,H,1,0,H
2024-01-01,SEA,MTL,5,4,H,1,0,H
2024-01-01,TOR,FLA,2,3,A,1,1,D
2024-01-01,OTT,BOS,6,3,H,4,1,H
2024-01-01,NJD,EDM,3,2,H,0,0,D
2024-01-01,PHI,TBL,3,3,D,1,1,D
2024-01-01,PIT,STL,5,3,H,1,0,H
2024-01-01,CBJ,VGK,0,4,A,0,2,A
2024-01-01,MIN,NYR,2,3,A,0,0,D
2024-01-01,LAK,WSH,3,0,H,1,0,H
2024-01-01,SJS,CHI,4,2,H,2,0,H
2024-01-01,CAR,DET,4,2,H,0,1,A
2024-01-01,NYI,EDM,1,2,A,0,0,D
2024-01-01,WPG,DAL,4,1,H,2,0,H
2024-01-01,CGY,COL,2,4,A,0,1,A
2024-01-01,ANA,NSH,2,1,H,0,0,D
2024-01-01,SEA,UTA,4,2,H,1,1,D
2024-01-01,BUF,VGK,3,3,D,0,1,A
2024-01-01,PIT,NJD,7,3,H,2,1,H
2024-01-01,SJS,WSH,1,5,A,0,3,A
2024-01-01,BOS,TBL,2,6,A,1,1,D
2024-01-01,TOR,OTT,2,4,A,0,0,D
2024-01-01,MTL,FLA,3,1,H,2,0,H
2024-01-01,PHI,CAR,0,5,A,0,2,A
2024-01-01,CBJ,NYR,0,4,A,0,1,A
2024-01-01,MIN,STL,1,5,A,0,1,A
2024-01-01,LAK,NSH,1,0,H,0,0,D
2024-01-01,VAN,CHI,6,2,H,2,0,H
2024-01-01,DET,VGK,3,0,H,0,0,D
2024-01-01,COL,DAL,4,3,H,1,1,D
2024-01-01,STL,ANA,7,2,H,2,0,H
2024-01-01,NYR,EDM,1,3,A,0,1,A
2024-01-01,NYI,FLA,4,2,H,0,0,D
2024-01-01,VAN,UTA,1,3,A,0,0,D
2024-01-01,SEA,WPG,2,3,A,2,1,H
2024-01-01,BOS,BUF,2,3,A,2,1,H
2024-01-01,TBL,PHI,2,0,H,1,0,H
2024-01-01,CBJ,NJD,1,2,A,0,0,D
2024-01-01,TOR,CGY,6,2,H,1,1,D
2024-01-01,MIN,LAK,3,1,H,0,1,A
2024-01-01,MTL,OTT,6,3,H,1,1,D
2024-01-01,NYR,CGY,1,2,A,1,2,A
2024-01-01,PIT,NYI,2,4,A,2,0,H
2024-01-01,WSH,DET,4,1,H,1,1,D
2024-01-01,NSH,STL,1,4,A,0,2,A
2024-01-01,DAL,ANA,4,2,H,1,0,H
2024-01-01,CHI,SEA,2,6,A,2,1,H
2024-01-01,EDM,UTA,7,1,H,3,0,H
2024-01-01,VAN,WPG,6,2,H,3,1,H
2024-01-01,TOR,COL,2,1,H,0,0,D
2024-01-01,MIN,SEA,4,0,H,3,0,H
2024-01-01,OTT,COL,1,5,A,0,4,A
2024-01-01,NJD,CGY,3,5,A,1,0,H
2024-01-01,NYR,TOR,3,4,A,1,2,A
2024-01-01,WSH,PHI,3,2,H,1,0,H
2024-01-01,CBJ,FLA,0,1,A,0,0,D
2024-01-01,NYI,MTL,4,3,H,1,1,D
2024-01-01,STL,VAN,4,3,H,0,0,D
2024-01-01,NSH,ANA,1,4,A,1,0,H
2024-01-01,DAL,TBL,2,2,D,0,1,A
2024-01-01,CHI,LAK,1,3,A,0,2,A
2024-01-01,EDM,WPG,3,4,A,1,1,D
2024-01-01,UTA,BUF,5,2,H,1,1,D
2024-01-01,VGK,BOS,5,1,H,0,0,D
2024-01-01,SJS,CAR,1,3,A,1,0,H
2024-01-01,PIT,CBJ,6,3,H,3,1,H
2024-01-01,NYR,VAN,5,3,H,0,1,A
2024-01-01,DAL,PHI,3,2,H,2,0,H
2024-01-01,MIN,BUF,4,1,H,0,0,D
2024-01-01,STL,CHI,4,1,H,0,0,D
2024-01-01,NYI,CGY,3,4,A,2,1,H
2024-01-01,LAK,CAR,7,2,H,3,0,H
2024-01-01,WSH,FLA,6,3,H,3,3,D
2024-01-01,UTA,TBL,6,4,H,2,1,H
2024-01-01,MTL,COL,4,4,D,0,2,A
2024-01-01,NJD,OTT,2,3,A,0,0,D
2024-01-01,NSH,TOR,5,2,H,0,2,A
2024-01-01,VGK,DET,6,3,H,3,1,H
2024-01-01,EDM,SEA,5,4,H,1,1,D
2024-01-01,SJS,BOS,3,1,H,0,0,D
2024-01-01,CHI,PHI,7,4,H,3,3,D
2024-01-01,WPG,BUF,3,5,A,0,1,A
2024-01-01,FLA,PIT,3,3,D,1,2,A
2024-01-01,STL,NSH,4,1,H,2,0,H
2024-01-01,VGK,TBL,4,2,H,3,0,H
2024-01-01,ANA,CAR,2,5,A,0,0,D
2024-01-01,LAK,BOS,7,2,H,2,1,H
2024-01-01,NJD,VAN,3,3,D,0,1,A
2024-01-01,NYI,CBJ,3,3,D,2,0,H
2024-01-01,DAL,MIN,3,0,H,0,0,D
2024-01-01,UTA,DET,1,5,A,1,1,D
2024-01-01,BUF,OTT,3,2,H,1,1,D
2024-01-01,TOR,PHI,7,2,H,2,1,H
2024-01-01,TBL,PIT,6,1,H,4,0,H
2024-01-01,CAR,NSH,1,3,A,0,1,A
2024-01-01,STL,MTL,6,1,H,2,1,H
2024-01-01,MIN,VGK,1,5,A,0,1,A
2024-01-01,WPG,WSH,3,2,H,1,1,D
2024-01-01,COL,DET,5,2,H,2,1,H
2024-01-01,CGY,SEA,4,3,H,1,0,H
2024-01-01,LAK,NYR,3,1,H,0,0,D
2024-01-01,NYI,VAN,2,5,A,0,0,D
2024-01-01,CHI,NJD,3,5,A,1,2,A
2024-01-01,EDM,DAL,3,4,A,0,1,A
2024-01-01,ANA,BOS,6,2,H,1,0,H
2024-01-01,BUF,PIT,7,3,H,2,1,H
2024-01-01,DET,OTT,3,4,A,0,2,A
2024-01-01,TBL,UTA,8,0,H,2,0,H
2024-01-01,PHI,MTL,6,4,H,3,1,H
2024-01-01,NSH,STL,2,3,A,2,0,H
2024-01-01,MIN,WSH,4,2,H,1,2,A
2024-01-01,COL,LAK,4,0,H,0,0,D
2024-01-01,CGY,DAL,2,5,A,0,1,A
2024-01-01,SEA,EDM,6,1,H,0,0,D
2024-01-01,SJS,TOR,5,5,D,2,1,H
2024-01-01,FLA,UTA,2,1,H,0,0,D
2024-01-01,CAR,MTL,4,1,H,1,1,D
2024-01-01,CBJ,VAN,6,6,D,0,3,A
2024-01-01,WPG,NJD,4,0,H,2,0,H
2024-01-01,CHI,VGK,3,5,A,1,0,H
2024-01-01,ANA,NYR,5,4,H,1,2,A
2024-01-01,PHI,BUF,7,4,H,2,1,H
2024-01-01,TBL,NYI,5,3,H,3,0,H
2024-01-01,COL,STL,1,2,A,1,1,D
2024-01-01,MIN,NJD,2,5,A,1,2,A
2024-01-01,NSH,VGK,1,3,A,0,0,D
2024-01-01,OTT,CBJ,3,2,H,2,1,H
2024-01-01,LAK,TOR,1,3,A,0,0,D
2024-01-01,DET,BOS,2,1,H,1,0,H
2024-01-01,EDM,CGY,3,2,H,0,1,A
2024-01-01,SJS,NYR,1,6,A,0,2,A
2024-01-01,SEA,DAL,1,5,A,1,2,A
2024-01-01,FLA,MTL,2,4,A,1,1,D
2024-01-01,WSH,BUF,5,8,A,1,1,D
2024-01-01,WPG,VAN,3,1,H,0,1,A
2024-01-01,CHI,UTA,2,5,A,0,0,D
2024-01-01,PIT,OTT,1,0,H,0,0,D
2024-01-01,CAR,NYI,6,4,H,2,2,D
2024-01-01,ANA,TOR,2,3,A,0,1,A
2024-01-01,LAK,SJS,8,1,H,2,0,H
2024-01-01,NJD,MIN,2,2,D,1,0,H
2024-01-01,PHI,NSH,2,1,H,0,0,D
2024-01-01,COL,CGY,2,2,D,1,0,H
2024-01-01,SEA,DAL,1,3,A,1,2,A
2024-01-01,BOS,WSH,3,4,A,0,2,A
2024-01-01,MTL,FLA,3,2,H,1,1,D
2024-01-01,OTT,BUF,2,5,A,0,2,A
2024-01-01,CBJ,NSH,8,4,H,3,1,H
2024-01-01,NYI,TBL,1,4,A,1,1,D
2024-01-01,STL,DET,2,1,H,0,0,D
2024-01-01,UTA,CGY,3,1,H,1,0,H
2024-01-01,VGK,EDM,2,3,A,1,0,H
2024-01-01,ANA,SJS,3,3,D,3,1,H
2024-01-01,LAK,WPG,4,1,H,2,0,H
2024-01-01,NYR,MIN,5,4,H,1,2,A
2024-01-01,CAR,WSH,5,1,H,3,0,H
2024-01-01,TOR,FLA,3,2,H,0,0,D
2024-01-01,CHI,COL,2,2,D,1,0,H
2024-01-01,VAN,SEA,0,5,A,0,1,A
2024-01-01,MTL,BOS,4,1,H,0,0,D
2024-01-01,OTT,TBL,2,1,H,1,0,H
2024-01-01,CBJ,COL,3,7,A,1,2,A
2024-01-01,STL,PIT,5,4,H,0,1,A
2024-01-01,DAL,NSH,5,1,H,0,0,D
2024-01-01,UTA,LAK,2,4,A,0,0,D
2024-01-01,CGY,ANA,4,1,H,1,1,D
2024-01-01,VGK,WPG,0,4,A,0,2,A
2024-01-01,SJS,EDM,2,3,A,1,1,D
2024-01-01,DET,CAR,5,3,H,2,0,H
2024-01-01,WSH,CHI,5,3,H,1,1,D
2024-01-01,NYI,MIN,3,1,H,0,0,D
2024-01-01,NJD,NYR,4,0,H,0,0,D
2024-01-01,OTT,FLA,3,0,H,2,0,H
2024-01-01,DAL,PIT,3,5,A,1,1,D
2024-01-01,VAN,ANA,6,2,H,5,1,H
2024-01-01,LAK,EDM,3,0,H,0,0,D
2024-01-01,BOS,CAR,5,1,H,2,0,H
2024-01-01,BUF,TBL,2,2,D,0,0,D
2024-01-01,TOR,CBJ,5,0,H,1,0,H
2024-01-01,MTL,PHI,3,2,H,0,1,A
2024-01-01,STL,COL,5,4,H,2,0,H
2024-01-01,UTA,WPG,4,1,H,1,0,H
2024-01-01,CGY,VGK,2,3,A,0,1,A
2024-01-01,SJS,SEA,1,5,A,1,2,A
2024-01-01,NYI,WSH,4,1,H,2,0,H
2024-01-01,MIN,DAL,3,2,H,0,1,A
2024-01-01,OTT,CBJ,4,0,H,2,0,H
2024-01-01,DET,FLA,2,1,H,0,0,D
2024-01-01,BUF,BOS,6,3,H,0,2,A
2024-01-01,CHI,PIT,3,1,H,0,0,D
2024-01-01,NSH,MTL,1,2,A,1,0,H
2024-01-01,VAN,VGK,2,3,A,1,2,A
2024-01-01,NYR,TBL,1,5,A,0,3,A
2024-01-01,WPG,STL,3,1,H,0,0,D
2024-01-01,ANA,EDM,3,2,H,0,1,A
2024-01-01,LAK,SEA,1,2,A,1,2,A
2024-01-01,SJS,CGY,2,3,A,1,0,H
2024-01-01,BUF,CAR,3,0,H,0,0,D
2024-01-01,MTL,DET,4,1,H,0,1,A
2024-01-01,FLA,TOR,3,1,H,1,0,H
2024-01-01,NJD,BOS,2,7,A,0,2,A
2024-01-01,CBJ,OTT,5,2,H,2,0,H
2024-01-01,PIT,CHI,5,0,H,1,0,H
2024-01-01,NSH,NYI,7,6,H,2,2,D
2024-01-01,DAL,VAN,5,6,A,2,0,H
2024-01-01,UTA,SEA,7,1,H,3,0,H
2024-01-01,COL,VGK,2,2,D,0,1,A
2024-01-01,TBL,TOR,3,4,A,1,2,A
2024-01-01,NYR,PHI,5,8,A,1,0,H
2024-01-01,MIN,SJS,8,7,H,2,1,H
2024-01-01,EDM,STL,4,3,H,0,1,A
2024-01-01,ANA,CGY,4,3,H,0,0,D
2024-01-01,BOS,CHI,2,5,A,1,0,H
2024-01-01,FLA,DET,4,1,H,0,1,A
2024-01-01,WSH,CAR,4,4,D,1,2,A
2024-01-01,CBJ,BUF,3,2,H,1,2,A
2024-01-01,NYI,NYR,2,9,A,0,4,A
2024-01-01,DAL,WPG,0,4,A,0,1,A
2024-01-01,COL,VAN,1,4,A,0,0,D
2024-01-01,UTA,NSH,3,3,D,0,0,D
2024-01-01,VGK,SEA,2,1,H,1,0,H
2024-01-01,LAK,ANA,6,1,H,1,0,H
2024-01-01,OTT,MTL,5,2,H,2,0,H
2024-01-01,TBL,DET,3,4,A,1,0,H
2024-01-01,NJD,PIT,2,4,A,2,1,H
2024-01-01,EDM,SJS,4,2,H,2,1,H
2024-01-01,CGY,MIN,4,2,H,1,0,H
2024-01-01,PHI,NYI,3,3,D,0,0,D
2024-01-01,CAR,NYR,7,3,H,2,0,H
2024-01-01,LAK,COL,5,4,H,2,1,H
2024-01-01,FLA,BUF,2,2,D,0,1,A
2024-01-01,TOR,MTL,1,0,H,0,0,D
2024-01-01,CBJ,WSH,7,0,H,3,0,H
2024-01-01,CHI,WPG,4,4,D,2,0,H
2024-01-01,DAL,UTA,3,5,A,1,1,D
2024-01-01,VAN,MIN,2,3,A,1,0,H
2024-01-01,VGK,NSH,5,3,H,0,1,A
2024-01-01,SEA,STL,3,3,D,0,0,D
2024-01-01,OTT,PHI,4,3,H,0,0,D
2024-01-01,NJD,NYI,0,1,A,0,0,D
2024-01-01,PIT,BOS,1,4,A,0,1,A
2024-01-01,CAR,TOR,1,4,A,0,1,A
2024-01-01,TBL,BUF,7,4,H,1,2,A
2024-01-01,WSH,CBJ,1,4,A,1,1,D
2024-01-01,WPG,EDM,1,4,A,0,0,D
2024-01-01,CGY,SJS,5,2,H,2,1,H
2024-01-01,ANA,COL,2,4,A,1,0,H
2024-01-01,MTL,CHI,3,3,D,2,1,H
2024-01-01,DET,DAL,6,4,H,2,1,H
2024-01-01,FLA,NYR,3,5,A,1,1,D
2024-01-01,NSH,UTA,3,7,A,1,2,A
2024-01-01,EDM,LAK,0,5,A,0,3,A
2024-01-01,VAN,SJS,2,1,H,0,0,D
2024-01-01,BOS,NJD,4,5,A,1,1,D
2024-01-01,BUF,TOR,0,4,A,0,0,D
2024-01-01,OTT,CHI,3,4,A,1,2,A
2024-01-01,TBL,FLA,5,1,H,3,0,H
2024-01-01,PHI,CBJ,0,3,A,0,0,D
2024-01-01,NYI,WSH,1,3,A,0,1,A
2024-01-01,STL,UTA,6,1,H,4,0,H
2024-01-01,MIN,ANA,3,2,H,1,1,D
2024-01-01,CGY,VGK,4,4,D,1,3,A
2024-01-01,SEA,LAK,5,6,A,0,2,A
2024-01-01,MTL,CAR,4,2,H,1,1,D
2024-01-01,WPG,ANA,2,1,H,0,0,D
2024-01-01,NJD,DET,2,5,A,0,1,A
2024-01-01,NSH,DAL,5,1,H,3,1,H
2024-01-01,VAN,VGK,1,4,A,1,0,H
2024-01-01,SJS,EDM,0,3,A,0,1,A
2024-01-01,BUF,PHI,5,4,H,3,1,H
2024-01-01,TOR,DET,4,3,H,1,1,D
2024-01-01,OTT,CAR,7,5,H,3,2,H
2024-01-01,NYR,TBL,4,0,H,0,0,D
2024-01-01,PIT,WSH,5,2,H,1,1,D
2024-01-01,CBJ,NYI,6,1,H,0,0,D
2024-01-01,TOR,OTT,6,2,H,2,1,H
2024-01-01,TOR,OTT,3,2,H,2,0,H
2024-01-01,OTT,TOR,2,3,A,0,0,D
2024-01-01,OTT,TOR,4,3,H,2,1,H
2024-01-01,TOR,OTT,0,4,A,0,0,D
2024-01-01,OTT,TOR,2,4,A,0,1,A
2024-01-01,TBL,FLA,2,6,A,1,2,A
2024-01-01,TBL,FLA,0,2,A,0,1,A
2024-01-01,FLA,TBL,1,5,A,1,1,D
2024-01-01,FLA,TBL,4,2,H,0,0,D
2024-01-01,TBL,FLA,3,6,A,2,2,D
2024-01-01,WSH,MTL,3,2,H,1,0,H
2024-01-01,WSH,MTL,3,1,H,0,0,D
2024-01-01,MTL,WSH,6,3,H,1,1,D
2024-01-01,MTL,WSH,2,5,A,0,0,D
2024-01-01,WSH,MTL,4,1,H,2,0,H
2024-01-01,CAR,NJD,4,1,H,1,0,H
2024-01-01,CAR,NJD,3,1,H,0,1,A
2024-01-01,NJD,CAR,3,2,H,1,0,H
2024-01-01,NJD,CAR,2,5,A,0,2,A
2024-01-01,CAR,NJD,5,4,H,0,3,A
2024-01-01,WPG,STL,5,3,H,2,2,D
2024-01-01,WPG,STL,2,1,H,1,1,D
2024-01-01,STL,WPG,7,2,H,3,0,H
2024-01-01,STL,WPG,5,1,H,1,1,D
2024-01-01,WPG,STL,5,3,H,2,1,H
2024-01-01,STL,WPG,5,2,H,1,0,H
2024-01-01,WPG,STL,4,3,H,0,2,A
2024-01-01,DAL,COL,1,5,A,0,0,D
2024-01-01,DAL,COL,4,3,H,1,1,D
2024-01-01,COL,DAL,1,2,A,1,0,H
2024-01-01,COL,DAL,4,0,H,2,0,H
2024-01-01,DAL,COL,6,2,H,2,0,H
2024-01-01,COL,DAL,7,4,H,2,0,H
2024-01-01,DAL,COL,4,2,H,0,0,D
2024-01-01,VGK,MIN,4,2,H,1,1,D
2024-01-01,VGK,MIN,2,5,A,0,3,A
2024-01-01,MIN,VGK,5,2,H,2,1,H
2024-01-01,MIN,VGK,3,4,A,1,1,D
2024-01-01,VGK,MIN,3,2,H,2,1,H
2024-01-01,MIN,VGK,2,3,A,1,1,D
2024-01-01,LAK,EDM,6,5,H,2,0,H
2024-01-01,LAK,EDM,6,2,H,1,0,H
2024-01-01,EDM,LAK,7,4,H,2,1,H
2024-01-01,EDM,LAK,4,3,H,0,1,A
2024-01-01,LAK,EDM,1,3,A,0,0,D
2024-01-01,EDM,LAK,6,4,H,3,2,H
2024-01-01,TOR,FLA,5,4,H,3,1,H
2024-01-01,TOR,FLA,4,3,H,1,1,D
2024-01-01,FLA,TOR,5,4,H,1,2,A
2024-01-01,FLA,TOR,2,0,H,1,0,H
2024-01-01,TOR,FLA,1,6,A,0,1,A
2024-01-01,FLA,TOR,0,2,A,0,0,D
2024-01-01,TOR,FLA,1,6,A,0,0,D
2024-01-01,WSH,CAR,1,2,A,0,0,D
2024-01-01,WSH,CAR,3,1,H,0,0,D
2024-01-01,CAR,WSH,4,0,H,0,0,D
2024-01-01,CAR,WSH,5,2,H,1,0,H
2024-01-01,WSH,CAR,1,3,A,1,1,D
2024-01-01,WPG,DAL,2,3,A,0,0,D
2024-01-01,WPG,DAL,4,0,H,2,0,H
2024-01-01,DAL,WPG,5,2,H,2,1,H
2024-01-01,DAL,WPG,3,1,H,1,0,H
2024-01-01,WPG,DAL,4,0,H,0,0,D
2024-01-01,DAL,WPG,2,1,H,0,0,D
2024-01-01,VGK,EDM,2,4,A,2,1,H
2024-01-01,VGK,EDM,4,5,A,1,0,H
2024-01-01,EDM,VGK,3,4,A,2,2,D
2024-01-01,EDM,VGK,3,0,H,2,0,H
2024-01-01,VGK,EDM,0,1,A,0,0,D
2024-01-01,CAR,FLA,2,5,A,1,2,A
2024-01-01,CAR,FLA,0,5,A,0,3,A
2024-01-01,FLA,CAR,6,2,H,1,0,H
2024-01-01,FLA,CAR,0,3,A,0,0,D
2024-01-01,CAR,FLA,3,5,A,2,0,H
2024-01-01,DAL,EDM,6,3,H,1,1,D
2024-01-01,DAL,EDM,0,3,A,0,1,A
2024-01-01,EDM,DAL,6,1,H,2,0,H
2024-01-01,EDM,DAL,4,1,H,1,0,H
2024-01-01,DAL,EDM,3,6,A,1,3,A
2024-01-01,EDM,FLA,4,3,H,1,2,A
2024-01-01,EDM,FLA,4,5,A,3,2,H
2024-01-01,FLA,EDM,6,1,H,2,0,H
2024-01-01,FLA,EDM,4,5,A,3,0,H
2024-01-01,EDM,FLA,2,5,A,0,2,A
2024-01-01,FLA,EDM,5,1,H,2,0,H
